{"stats":{"minecraft:killed_by":{"jujutsucraft:cursed_spirit_grade_25":1,"jujutsucraft:cursed_spirit_grade_24":1,"jujutsucraft:transfigured_human_3":1,"jujutsucraft:cursed_spirit_grade_15":1,"jujutsucraft:cursed_spirit_grade_39":1,"jujutsucraft:negi_toshihisa":2,"jujutsucraft:cursed_spirit_grade_12":3,"jujutsucraft:cursed_spirit_grade_05":4,"jujutsucraft:uraume":2,"jujutsucraft:larue":1,"jujutsucraft:cursed_spirit_grade_33":1,"jujutsucraft:cursed_spirit_grade_22":3,"jujutsucraft:cursed_spirit_grade_28":1,"jujutsucraft:cursed_spirit_grade_213":1,"jujutsucraft:cursed_spirit_grade_09":3,"jujutsucraft:curse_user_1":2,"jujutsucraft:q":1,"jujutsucraft:fushiguro_toji_bug":1,"jujutsucraft:cursed_spirit_grade_21":1,"jujutsucraft:curse_user":1},"minecraft:mined":{"minecraft:grass_block":4,"minecraft:tall_grass":2,"minecraft:peony":1,"minecraft:grass":23},"minecraft:killed":{"jujutsucraft:cursed_spirit_grade_32":4,"jujutsucraft:cursed_spirit_grade_31":2,"jujutsucraft:cursed_spirit_grade_33":4,"minecraft:pig":1,"jujutsucraft:kukuru":1,"jujutsucraft:ice_spear_2":1,"jujutsucraft:jujutsu_sorcerer":1,"jujutsucraft:cursed_spirit_grade_318":3,"jujutsucraft:cursed_spirit_grade_316":2,"jujutsucraft:coffin":1,"jujutsucraft:cursed_spirit_grade_321":4,"minecraft:sheep":3,"jujutsucraft:cursed_spirit_grade_39":4,"jujutsucraft:cursed_spirit_grade_314":8,"jujutsucraft:cursed_spirit_grade_312":3,"jujutsucraft:cursed_spirit_grade_313":1,"jujutsucraft:crow":1,"jujutsucraft:cursed_spirit_grade_311":1,"jujutsucraft:cursed_spirit_grade_310":2,"jujutsucraft:cursed_spirit_grade_36":2,"jujutsucraft:cursed_spirit_grade_315":1,"jujutsucraft:cursed_spirit_grade_38":1,"jujutsucraft:cursed_spirit_grade_34":7,"jujutsucraft:cursed_spirit_grade_319":5,"jujutsucraft:q":1,"minecraft:cow":1,"jujutsucraft:gravestone_3":1},"minecraft:used":{"jujutsucraft:uniform_normal_boots":1,"minecraft:spruce_leaves":1,"minecraft:dirt":4,"minecraft:white_bed":2,"jujutsucraft:uniform_normal_chestplate":1,"minecraft:grass_block":1,"minecraft:item_frame":8,"jujutsucraft:uniform_normal_leggings":1,"minecraft:cobweb":4},"minecraft:picked_up":{"minecraft:spruce_leaves":1,"minecraft:andesite":1,"jujutsucraft:sword_kusakabe":1,"minecraft:dirt":5,"minecraft:lantern":1,"minecraft:item_frame":5,"jujutsucraft:garuda_item":1,"jujutsucraft:mei_mei_axe":1,"minecraft:cobweb":4,"minecraft:azalea":1,"minecraft:tall_grass":1,"minecraft:poppy":1,"minecraft:grass_block":3,"minecraft:peony":1,"jujutsucraft:uniform_q_chestplate":1,"minecraft:grass":4,"minecraft:spruce_sign":1,"minecraft:mutton":4,"minecraft:white_wool":2},"minecraft:dropped":{"minecraft:tall_grass":1,"minecraft:lantern":1,"jujutsucraft:clothes_geto_boots":1,"minecraft:poppy":1,"minecraft:grass":1,"minecraft:peony":1,"minecraft:andesite":1,"minecraft:azalea":1},"minecraft:custom":{"minecraft:mob_kills":79,"minecraft:damage_dealt_resisted":12115,"minecraft:sleep_in_bed":1,"minecraft:leave_game":7,"minecraft:time_since_death":5211,"minecraft:climb_one_cm":1262,"minecraft:damage_resisted":5824,"minecraft:time_since_rest":5236,"minecraft:sprint_one_cm":472927,"minecraft:damage_taken":13515,"minecraft:walk_one_cm":226677,"minecraft:drop":8,"minecraft:damage_dealt":43,"minecraft:swim_one_cm":4643,"minecraft:fly_one_cm":724224,"minecraft:open_chest":1,"minecraft:crouch_one_cm":160,"minecraft:play_time":63701,"minecraft:deaths":32,"minecraft:sneak_time":93,"minecraft:walk_under_water_one_cm":2502,"minecraft:jump":1965,"minecraft:walk_on_water_one_cm":7069,"minecraft:total_world_time":63701,"minecraft:fall_one_cm":75079}},"DataVersion":3465}