{"stats":{"minecraft:killed_by":{"jujutsucraft:curse_user_1":1,"jujutsucraft:cursed_spirit_grade_24":1,"jujutsucraft:q":1,"jujutsucraft:transfigured_human_3":1,"jujutsucraft:cursed_spirit_grade_15":1,"jujutsucraft:cursed_spirit_grade_39":1,"jujutsucraft:cursed_spirit_grade_05":4,"jujutsucraft:fushiguro_toji_bug":1,"jujutsucraft:negi_toshihisa":2,"jujutsucraft:cursed_spirit_grade_12":3,"jujutsucraft:cursed_spirit_grade_21":1,"jujutsucraft:uraume":2,"jujutsucraft:larue":1,"jujutsucraft:cursed_spirit_grade_33":1,"jujutsucraft:cursed_spirit_grade_22":3,"jujutsucraft:cursed_spirit_grade_28":1},"minecraft:mined":{"minecraft:peony":1,"minecraft:grass":22,"minecraft:grass_block":4,"minecraft:tall_grass":2},"minecraft:killed":{"minecraft:sheep":1,"jujutsucraft:cursed_spirit_grade_32":4,"jujutsucraft:cursed_spirit_grade_39":4,"jujutsucraft:cursed_spirit_grade_31":2,"jujutsucraft:cursed_spirit_grade_33":3,"jujutsucraft:cursed_spirit_grade_313":1,"jujutsucraft:cursed_spirit_grade_312":2,"jujutsucraft:cursed_spirit_grade_314":8,"jujutsucraft:crow":1,"jujutsucraft:cursed_spirit_grade_311":1,"jujutsucraft:cursed_spirit_grade_310":1,"jujutsucraft:kukuru":1,"jujutsucraft:ice_spear_2":1,"jujutsucraft:jujutsu_sorcerer":1,"jujutsucraft:cursed_spirit_grade_36":2,"jujutsucraft:coffin":1,"jujutsucraft:cursed_spirit_grade_316":2,"jujutsucraft:cursed_spirit_grade_315":1,"jujutsucraft:cursed_spirit_grade_318":3,"jujutsucraft:cursed_spirit_grade_38":1,"jujutsucraft:cursed_spirit_grade_34":7,"jujutsucraft:cursed_spirit_grade_319":5,"jujutsucraft:cursed_spirit_grade_321":4,"minecraft:cow":1,"jujutsucraft:gravestone_3":1},"minecraft:used":{"jujutsucraft:uniform_normal_boots":1,"minecraft:dirt":4,"jujutsucraft:uniform_normal_leggings":1,"minecraft:white_bed":2,"jujutsucraft:uniform_normal_chestplate":1},"minecraft:picked_up":{"minecraft:andesite":1,"jujutsucraft:sword_kusakabe":1,"minecraft:lantern":1,"minecraft:dirt":5,"minecraft:item_frame":5,"minecraft:peony":1,"minecraft:azalea":1,"minecraft:cobweb":4,"minecraft:grass":1,"minecraft:poppy":1,"minecraft:tall_grass":1},"minecraft:dropped":{"minecraft:poppy":1,"minecraft:grass":1,"minecraft:peony":1,"minecraft:andesite":1,"minecraft:azalea":1,"minecraft:tall_grass":1,"jujutsucraft:clothes_geto_boots":1,"minecraft:lantern":1},"minecraft:custom":{"minecraft:time_since_rest":1663,"minecraft:sprint_one_cm":366483,"minecraft:damage_taken":10992,"minecraft:walk_one_cm":192734,"minecraft:mob_kills":72,"minecraft:drop":8,"minecraft:damage_dealt":43,"minecraft:swim_one_cm":2188,"minecraft:fly_one_cm":517734,"minecraft:open_chest":1,"minecraft:crouch_one_cm":160,"minecraft:play_time":51701,"minecraft:deaths":25,"minecraft:sneak_time":73,"minecraft:walk_under_water_one_cm":1732,"minecraft:jump":1526,"minecraft:damage_dealt_resisted":10743,"minecraft:leave_game":7,"minecraft:time_since_death":1640,"minecraft:walk_on_water_one_cm":5794,"minecraft:sleep_in_bed":1,"minecraft:climb_one_cm":845,"minecraft:total_world_time":51701,"minecraft:damage_resisted":4133,"minecraft:fall_one_cm":52166}},"DataVersion":3465}