{"stats":{"minecraft:killed_by":{"jujutsucraft:cursed_spirit_grade_25":1,"jujutsucraft:cursed_spirit_grade_24":1,"jujutsucraft:transfigured_human_3":1,"jujutsucraft:cursed_spirit_grade_15":1,"jujutsucraft:cursed_spirit_grade_39":1,"jujutsucraft:cursed_spirit_grade_14":1,"jujutsucraft:negi_toshihisa":2,"jujutsucraft:cursed_spirit_grade_12":3,"jujutsucraft:cursed_spirit_grade_05":4,"jujutsucraft:uraume":2,"jujutsucraft:larue":1,"jujutsucraft:cursed_spirit_grade_33":1,"jujutsucraft:cursed_spirit_grade_22":3,"jujutsucraft:cursed_spirit_grade_28":1,"jujutsucraft:cursed_spirit_grade_213":1,"jujutsucraft:cursed_spirit_grade_09":3,"jujutsucraft:curse_user_1":2,"jujutsucraft:q":1,"jujutsucraft:fushiguro_toji_bug":1,"jujutsucraft:cursed_spirit_grade_21":1,"jujutsucraft:eight_handled_swrod_divergent_sila_divine_general_mahoraga":1,"jujutsucraft:curse_user":1},"minecraft:mined":{"minecraft:powder_snow":2,"minecraft:grass_block":4,"minecraft:tall_grass":2,"minecraft:peony":1,"minecraft:grass":23},"minecraft:killed":{"jujutsucraft:mimiko":1,"jujutsucraft:cursed_spirit_grade_32":4,"jujutsucraft:cursed_spirit_grade_31":2,"jujutsucraft:cursed_spirit_grade_33":5,"minecraft:pig":1,"jujutsucraft:kukuru":1,"jujutsucraft:ice_spear_2":1,"jujutsucraft:jujutsu_sorcerer":1,"minecraft:bat":3,"jujutsucraft:cursed_spirit_grade_318":3,"jujutsucraft:cursed_spirit_grade_316":2,"jujutsucraft:coffin":1,"jujutsucraft:transfigured_human_2":1,"minecraft:squid":1,"jujutsucraft:cursed_spirit_grade_321":4,"minecraft:sheep":3,"jujutsucraft:cursed_spirit_grade_39":4,"jujutsucraft:cursed_spirit_grade_314":8,"jujutsucraft:cursed_spirit_grade_312":3,"jujutsucraft:cursed_spirit_grade_313":1,"jujutsucraft:crow":1,"jujutsucraft:cursed_spirit_grade_311":2,"jujutsucraft:cursed_spirit_grade_310":2,"jujutsucraft:cursed_spirit_grade_36":2,"jujutsucraft:cursed_spirit_grade_317":2,"jujutsucraft:cursed_spirit_grade_315":2,"jujutsucraft:cursed_spirit_grade_38":1,"jujutsucraft:cursed_spirit_grade_34":9,"jujutsucraft:cursed_spirit_grade_319":5,"jujutsucraft:cursed_spirit_grade_322":1,"jujutsucraft:q":1,"minecraft:cow":2,"jujutsucraft:gravestone_3":1},"minecraft:used":{"jujutsucraft:mei_mei_axe":2,"jujutsucraft:uniform_normal_boots":1,"minecraft:spruce_leaves":1,"minecraft:dirt":4,"minecraft:white_bed":2,"jujutsucraft:uniform_normal_chestplate":1,"minecraft:grass_block":1,"minecraft:item_frame":8,"jujutsucraft:uniform_normal_leggings":1,"minecraft:cobweb":4},"minecraft:picked_up":{"minecraft:spruce_leaves":1,"minecraft:andesite":1,"minecraft:leather":2,"jujutsucraft:sword_kusakabe":1,"minecraft:dirt":5,"minecraft:lantern":1,"minecraft:item_frame":5,"minecraft:stone_bricks":1,"jujutsucraft:garuda_item":2,"minecraft:cracked_stone_bricks":1,"jujutsucraft:mei_mei_axe":1,"minecraft:beef":4,"minecraft:cobweb":4,"minecraft:azalea":1,"minecraft:tall_grass":1,"minecraft:poppy":1,"minecraft:dandelion":1,"minecraft:grass_block":4,"minecraft:peony":1,"jujutsucraft:uniform_q_chestplate":1,"minecraft:grass":5,"minecraft:spruce_sign":1,"minecraft:mutton":4,"minecraft:white_wool":2},"minecraft:dropped":{"minecraft:tall_grass":1,"minecraft:lantern":1,"jujutsucraft:clothes_geto_boots":1,"minecraft:cracked_stone_bricks":1,"minecraft:grass_block":3,"minecraft:poppy":1,"minecraft:grass":4,"minecraft:peony":1,"minecraft:andesite":1,"minecraft:azalea":1,"minecraft:stone_bricks":1,"minecraft:white_wool":2,"minecraft:dandelion":1},"minecraft:custom":{"minecraft:mob_kills":97,"minecraft:damage_dealt_resisted":24499,"minecraft:sleep_in_bed":1,"minecraft:leave_game":8,"minecraft:time_since_death":5935,"minecraft:climb_one_cm":1526,"minecraft:damage_resisted":7750,"minecraft:time_since_rest":5976,"minecraft:sprint_one_cm":601392,"minecraft:damage_taken":14802,"minecraft:walk_one_cm":269825,"minecraft:drop":14,"minecraft:damage_dealt":43,"minecraft:swim_one_cm":13988,"minecraft:fly_one_cm":934470,"minecraft:open_chest":1,"minecraft:crouch_one_cm":160,"minecraft:play_time":77805,"minecraft:deaths":34,"minecraft:sneak_time":114,"minecraft:walk_under_water_one_cm":3740,"minecraft:jump":2446,"minecraft:walk_on_water_one_cm":17408,"minecraft:total_world_time":77805,"minecraft:fall_one_cm":94059}},"DataVersion":3465}