{"stats":{"minecraft:killed_by":{"jujutsucraft:curse_user_1":1,"jujutsucraft:q":1,"jujutsucraft:transfigured_human_3":1,"jujutsucraft:cursed_spirit_grade_15":1,"jujutsucraft:cursed_spirit_grade_39":1,"jujutsucraft:cursed_spirit_grade_05":3,"jujutsucraft:fushiguro_toji_bug":1,"jujutsucraft:negi_toshihisa":1,"jujutsucraft:cursed_spirit_grade_12":3,"jujutsucraft:cursed_spirit_grade_21":1,"jujutsucraft:larue":1,"jujutsucraft:cursed_spirit_grade_33":1,"jujutsucraft:cursed_spirit_grade_22":2,"jujutsucraft:cursed_spirit_grade_28":1},"minecraft:mined":{"minecraft:peony":1,"minecraft:grass":22,"minecraft:grass_block":4,"minecraft:tall_grass":2},"minecraft:killed":{"minecraft:sheep":1,"jujutsucraft:cursed_spirit_grade_32":4,"jujutsucraft:cursed_spirit_grade_39":4,"jujutsucraft:cursed_spirit_grade_31":1,"jujutsucraft:cursed_spirit_grade_33":3,"jujutsucraft:cursed_spirit_grade_312":2,"jujutsucraft:cursed_spirit_grade_314":3,"jujutsucraft:cursed_spirit_grade_311":1,"jujutsucraft:cursed_spirit_grade_310":1,"jujutsucraft:jujutsu_sorcerer":1,"jujutsucraft:cursed_spirit_grade_36":2,"jujutsucraft:cursed_spirit_grade_316":1,"jujutsucraft:cursed_spirit_grade_315":1,"jujutsucraft:cursed_spirit_grade_318":3,"jujutsucraft:cursed_spirit_grade_38":1,"jujutsucraft:cursed_spirit_grade_34":6,"jujutsucraft:cursed_spirit_grade_319":5,"jujutsucraft:cursed_spirit_grade_321":3,"minecraft:cow":1},"minecraft:used":{"jujutsucraft:uniform_normal_boots":1,"minecraft:dirt":4,"jujutsucraft:uniform_normal_leggings":1,"minecraft:white_bed":2,"jujutsucraft:uniform_normal_chestplate":1},"minecraft:picked_up":{"jujutsucraft:sword_kusakabe":1,"minecraft:dirt":4,"minecraft:item_frame":1,"minecraft:peony":1,"minecraft:azalea":1,"minecraft:cobweb":4,"minecraft:grass":1,"minecraft:poppy":1,"minecraft:tall_grass":1},"minecraft:dropped":{"minecraft:poppy":1,"minecraft:grass":1,"minecraft:peony":1,"minecraft:tall_grass":1},"minecraft:custom":{"minecraft:time_since_rest":918,"minecraft:sprint_one_cm":249350,"minecraft:damage_taken":8383,"minecraft:walk_one_cm":139021,"minecraft:mob_kills":49,"minecraft:drop":4,"minecraft:damage_dealt":43,"minecraft:swim_one_cm":707,"minecraft:fly_one_cm":360037,"minecraft:crouch_one_cm":160,"minecraft:play_time":39701,"minecraft:deaths":19,"minecraft:sneak_time":73,"minecraft:walk_under_water_one_cm":273,"minecraft:jump":1159,"minecraft:damage_dealt_resisted":7320,"minecraft:leave_game":7,"minecraft:time_since_death":876,"minecraft:walk_on_water_one_cm":4528,"minecraft:sleep_in_bed":1,"minecraft:climb_one_cm":484,"minecraft:total_world_time":39701,"minecraft:damage_resisted":2392,"minecraft:fall_one_cm":40269}},"DataVersion":3465}