{"stats":{"minecraft:used":{"jujutsucraft:mei_mei_axe":2,"jujutsucraft:uniform_normal_boots":1,"minecraft:spruce_leaves":1,"minecraft:dirt":4,"minecraft:white_bed":3,"jujutsucraft:uniform_normal_chestplate":1,"minecraft:grass_block":1,"minecraft:item_frame":8,"jujutsucraft:uniform_normal_leggings":1,"minecraft:cobweb":4},"minecraft:mined":{"minecraft:powder_snow":2,"minecraft:grass_block":4,"minecraft:tall_grass":2,"minecraft:peony":1,"minecraft:grass":23},"minecraft:killed":{"jujutsucraft:mimiko":1,"jujutsucraft:cursed_spirit_grade_32":4,"jujutsucraft:okkotsu_yuta_culling_game":1,"jujutsucraft:cursed_spirit_grade_31":2,"jujutsucraft:cursed_spirit_grade_33":5,"minecraft:pig":3,"jujutsucraft:kukuru":1,"jujutsucraft:ice_spear_2":1,"jujutsucraft:jujutsu_sorcerer":1,"jujutsucraft:miguel":1,"minecraft:bat":3,"jujutsucraft:cursed_spirit_grade_318":3,"jujutsucraft:hakari_kinji":1,"jujutsucraft:cursed_spirit_grade_316":2,"jujutsucraft:coffin":1,"jujutsucraft:rika_2":1,"jujutsucraft:transfigured_human_2":1,"minecraft:squid":1,"jujutsucraft:cursed_spirit_grade_321":4,"jujutsucraft:polymorphic_soul_isomer":1,"minecraft:sheep":3,"jujutsucraft:cursed_spirit_grade_05":1,"jujutsucraft:cursed_spirit_grade_39":4,"jujutsucraft:cursed_spirit_grade_313":1,"jujutsucraft:cursed_spirit_grade_312":3,"jujutsucraft:cursed_spirit_grade_314":8,"jujutsucraft:entity_scissors":4,"jujutsucraft:crow":1,"jujutsucraft:cursed_spirit_grade_311":2,"jujutsucraft:cursed_spirit_grade_310":2,"jujutsucraft:cursed_spirit_grade_36":2,"jujutsucraft:cursed_spirit_grade_317":2,"jujutsucraft:cursed_spirit_grade_315":2,"jujutsucraft:cursed_spirit_grade_38":1,"jujutsucraft:cursed_spirit_grade_34":9,"jujutsucraft:cursed_spirit_grade_319":6,"jujutsucraft:cursed_spirit_grade_322":1,"jujutsucraft:kamo_noritoshi":1,"jujutsucraft:q":1,"minecraft:cow":2,"jujutsucraft:gravestone_3":1,"jujutsucraft:zenin_naoya_cursed_spirit_2":1},"minecraft:custom":{"minecraft:mob_kills":118,"minecraft:damage_dealt_resisted":87044,"minecraft:leave_game":10,"minecraft:time_since_death":2472,"minecraft:sleep_in_bed":1,"minecraft:climb_one_cm":1526,"minecraft:damage_resisted":27278,"minecraft:time_since_rest":2527,"minecraft:damage_taken":24608,"minecraft:sprint_one_cm":821786,"minecraft:walk_one_cm":355679,"minecraft:drop":44,"minecraft:damage_dealt":150,"minecraft:swim_one_cm":13988,"minecraft:fly_one_cm":1367190,"minecraft:player_kills":1,"minecraft:open_chest":1,"minecraft:crouch_one_cm":186,"minecraft:play_time":105117,"minecraft:deaths":50,"minecraft:sneak_time":123,"minecraft:walk_under_water_one_cm":3740,"minecraft:jump":3319,"minecraft:walk_on_water_one_cm":17408,"minecraft:total_world_time":105117,"minecraft:fall_one_cm":126656},"minecraft:picked_up":{"minecraft:spruce_leaves":1,"minecraft:andesite":1,"minecraft:leather":4,"jujutsucraft:sword_kusakabe":1,"minecraft:gray_concrete":2,"minecraft:dirt":18,"minecraft:lantern":1,"jujutsucraft:uniform_normal_leggings":1,"minecraft:item_frame":6,"minecraft:stone_bricks":1,"jujutsucraft:garuda_item":2,"minecraft:cracked_stone_bricks":1,"jujutsucraft:mei_mei_axe":1,"minecraft:beef":4,"minecraft:cobweb":8,"minecraft:azalea":1,"minecraft:tall_grass":1,"minecraft:poppy":1,"minecraft:stone":8,"minecraft:dandelion":1,"minecraft:porkchop":1,"minecraft:grass_block":7,"minecraft:light_blue_terracotta":4,"minecraft:peony":1,"jujutsucraft:uniform_q_chestplate":1,"minecraft:grass":7,"minecraft:spruce_sign":1,"minecraft:mutton":4,"minecraft:white_wool":2},"minecraft:dropped":{"jujutsucraft:uniform_normal_leggings":2,"jujutsucraft:item_master_simple_domain":1,"jujutsucraft:uniform_geto_leggings":1,"minecraft:tall_grass":1,"jujutsucraft:clothes_geto_boots":1,"minecraft:lantern":1,"minecraft:leather":2,"minecraft:white_bed":1,"minecraft:cracked_stone_bricks":1,"jujutsucraft:garuda_item":1,"minecraft:grass_block":6,"jujutsucraft:uniform_normal_chestplate":1,"minecraft:poppy":1,"minecraft:gray_concrete":1,"minecraft:dirt":14,"minecraft:grass":7,"minecraft:stone":8,"minecraft:peony":1,"minecraft:andesite":1,"minecraft:azalea":1,"minecraft:stone_bricks":1,"minecraft:beef":4,"minecraft:light_blue_terracotta":4,"minecraft:white_wool":2,"minecraft:dandelion":1},"minecraft:killed_by":{"jujutsucraft:cursed_spirit_grade_25":1,"jujutsucraft:cursed_spirit_grade_24":1,"jujutsucraft:cursed_spirit_grade_01":1,"jujutsucraft:transfigured_human_3":1,"jujutsucraft:okkotsu_yuta_culling_game":1,"jujutsucraft:cursed_spirit_grade_15":1,"jujutsucraft:cursed_spirit_grade_39":1,"jujutsucraft:sukuna_perfect":10,"jujutsucraft:cursed_spirit_grade_14":1,"jujutsucraft:todo_aoi":1,"jujutsucraft:negi_toshihisa":2,"jujutsucraft:cursed_spirit_grade_12":3,"jujutsucraft:cursed_spirit_grade_05":4,"jujutsucraft:uraume":2,"jujutsucraft:larue":1,"jujutsucraft:cursed_spirit_grade_33":1,"jujutsucraft:cursed_spirit_grade_22":3,"jujutsucraft:cursed_spirit_grade_28":1,"jujutsucraft:cursed_spirit_grade_213":1,"jujutsucraft:cursed_spirit_grade_09":3,"jujutsucraft:curse_user_1":2,"jujutsucraft:q":1,"jujutsucraft:fushiguro_toji_bug":1,"jujutsucraft:cursed_spirit_grade_21":1,"jujutsucraft:cursed_spirit_grade_06":1,"jujutsucraft:eight_handled_swrod_divergent_sila_divine_general_mahoraga":1,"jujutsucraft:curse_user":1,"jujutsucraft:okkotsu_yuta":1,"jujutsucraft:rika":1}},"DataVersion":3465}