{"stats":{"minecraft:killed_by":{"jujutsucraft:transfigured_human_3":1,"jujutsucraft:cursed_spirit_grade_15":1,"jujutsucraft:cursed_spirit_grade_39":1,"jujutsucraft:negi_toshihisa":1,"jujutsucraft:cursed_spirit_grade_12":1,"jujutsucraft:larue":1,"jujutsucraft:cursed_spirit_grade_33":1},"minecraft:mined":{"minecraft:peony":1,"minecraft:grass":22,"minecraft:grass_block":4,"minecraft:tall_grass":2},"minecraft:killed":{"minecraft:sheep":1,"jujutsucraft:cursed_spirit_grade_32":4,"jujutsucraft:cursed_spirit_grade_39":3,"jujutsucraft:cursed_spirit_grade_31":1,"jujutsucraft:cursed_spirit_grade_33":2,"jujutsucraft:cursed_spirit_grade_312":1,"jujutsucraft:cursed_spirit_grade_314":3,"jujutsucraft:cursed_spirit_grade_310":1,"jujutsucraft:jujutsu_sorcerer":1,"jujutsucraft:cursed_spirit_grade_36":2,"jujutsucraft:cursed_spirit_grade_318":3,"jujutsucraft:cursed_spirit_grade_38":1,"jujutsucraft:cursed_spirit_grade_34":2,"jujutsucraft:cursed_spirit_grade_319":3,"jujutsucraft:cursed_spirit_grade_321":3,"minecraft:cow":1},"minecraft:used":{"jujutsucraft:uniform_normal_boots":1,"minecraft:dirt":4,"jujutsucraft:uniform_normal_leggings":1,"jujutsucraft:uniform_normal_chestplate":1},"minecraft:picked_up":{"jujutsucraft:sword_kusakabe":1,"minecraft:dirt":4,"minecraft:peony":1,"minecraft:tall_grass":1},"minecraft:dropped":{"minecraft:peony":1,"minecraft:tall_grass":1},"minecraft:custom":{"minecraft:time_since_rest":3121,"minecraft:sprint_one_cm":170582,"minecraft:damage_taken":3488,"minecraft:walk_one_cm":71833,"minecraft:mob_kills":33,"minecraft:drop":2,"minecraft:damage_dealt":43,"minecraft:swim_one_cm":707,"minecraft:fly_one_cm":218197,"minecraft:crouch_one_cm":160,"minecraft:play_time":27701,"minecraft:deaths":7,"minecraft:sneak_time":73,"minecraft:walk_under_water_one_cm":273,"minecraft:jump":866,"minecraft:damage_dealt_resisted":3969,"minecraft:leave_game":7,"minecraft:time_since_death":3097,"minecraft:walk_on_water_one_cm":4528,"minecraft:sleep_in_bed":1,"minecraft:total_world_time":27701,"minecraft:damage_resisted":315,"minecraft:fall_one_cm":24570}},"DataVersion":3465}