{"stats":{"minecraft:killed_by":{"minecraft:player":1,"jujutsucraft:kenjaku":1,"jujutsucraft:cursed_spirit_grade_05":2,"jujutsucraft:cursed_spirit_grade_110":1,"jujutsucraft:ishigori_ryu":1,"jujutsucraft:cursed_spirit_grade_317":1,"jujutsucraft:cursed_spirit_grade_06":1},"minecraft:mined":{"minecraft:light_gray_stained_glass_pane":2,"minecraft:grass_block":1,"minecraft:glass_pane":2,"minecraft:powder_snow":1,"minecraft:poppy":1,"minecraft:tall_grass":2,"minecraft:pink_petals":1,"minecraft:coarse_dirt":1,"minecraft:grass":5,"minecraft:oak_log":4,"minecraft:dirt":1,"minecraft:oak_leaves":5},"minecraft:killed":{"jujutsucraft:mimiko":2,"jujutsucraft:cursed_spirit_grade_32":7,"jujutsucraft:transfigured_human_3":3,"jujutsucraft:cursed_spirit_grade_21":2,"jujutsucraft:cursed_spirit_grade_31":4,"jujutsucraft:cursed_spirit_grade_33":7,"jujutsucraft:stevenson_screen":10,"jujutsucraft:nanako":1,"jujutsucraft:cursed_spirit_grade_11":1,"jujutsucraft:charles_bernard":3,"jujutsucraft:doll_1":1,"jujutsucraft:cursed_spirit_grade_12":1,"jujutsucraft:cursed_spirit_grade_24":1,"jujutsucraft:cursed_spirit_grade_37":4,"jujutsucraft:cursed_spirit_grade_35":3,"jujutsucraft:yoshino_junpei":1,"jujutsucraft:cursed_spirit_grade_318":8,"jujutsucraft:cursed_spirit_grade_26":3,"jujutsucraft:cursed_spirit_grade_316":3,"jujutsucraft:cursed_spirit_grade_22":4,"jujutsucraft:transfigured_human_2":4,"jujutsucraft:cursed_spirit_grade_39":43,"jujutsucraft:shigemo_haruta":2,"jujutsucraft:okkotsu_yuta":1,"jujutsucraft:body_repel":2,"jujutsucraft:cursed_spirit_grade_312":1,"jujutsucraft:cursed_spirit_grade_313":3,"minecraft:chicken":1,"jujutsucraft:cursed_spirit_grade_15":1,"jujutsucraft:cursed_spirit_grade_16":1,"jujutsucraft:cursed_spirit_grade_08":1,"jujutsucraft:cursed_spirit_grade_214":1,"jujutsucraft:cursed_spirit_grade_317":12,"jujutsucraft:cursed_spirit_grade_38":7,"jujutsucraft:cursed_spirit_grade_34":7,"jujutsucraft:miyo_rokujushi":1,"jujutsucraft:hazenoki":1,"jujutsucraft:cursed_spirit_grade_210":1,"jujutsucraft:kukuru":1,"jujutsucraft:ice_spear_2":1,"jujutsucraft:jujutsu_sorcerer":1,"jujutsucraft:cursed_spirit_grade_213":2,"jujutsucraft:zenin_maki":2,"jujutsucraft:curse_user_1":2,"jujutsucraft:cursed_spirit_grade_211":2,"jujutsucraft:curse_user":8,"jujutsucraft:itadori_yuji":1,"jujutsucraft:cursed_spirit_grade_321":14,"jujutsucraft:cursed_spirit_grade_28":3,"jujutsucraft:cursed_spirit_grade_29":3,"minecraft:pillager":3,"jujutsucraft:cursed_spirit_grade_314":15,"jujutsucraft:entity_scissors":4,"jujutsucraft:cockroaches":1,"jujutsucraft:cursed_spirit_grade_14":4,"jujutsucraft:cursed_spirit_grade_311":1,"jujutsucraft:cursed_spirit_grade_310":3,"jujutsucraft:cursed_spirit_grade_18":1,"jujutsucraft:cursed_spirit_grade_36":23,"jujutsucraft:cursed_spirit_grade_25":3,"jujutsucraft:cursed_spirit_grade_315":10,"jujutsucraft:cursed_spirit_grade_212":2,"jujutsucraft:cursed_spirit_grade_319":12,"jujutsucraft:cursed_spirit_grade_322":12,"jujutsucraft:ice_spear":1,"minecraft:villager":1,"jujutsucraft:q":4,"jujutsucraft:ogami":1},"minecraft:used":{"jujutsucraft:slaughter_demon":5,"jujutsucraft:hiten":2,"minecraft:totem_of_undying":4,"jujutsucraft:uniform_normal_boots":1,"jujutsucraft:nyoi_staff":1,"jujutsucraft:split_soul_katana":4,"minecraft:golden_apple":28,"minecraft:crafting_table":2,"jujutsucraft:uniform_normal_chestplate":1,"jujutsucraft:sword_okkotsu_yuta":1,"jujutsucraft:stevenson_screen_spawn_egg":12,"jujutsucraft:uniform_normal_leggings":1,"minecraft:oak_boat":1},"minecraft:picked_up":{"minecraft:spruce_leaves":5,"minecraft:birch_door":4,"minecraft:coarse_dirt":1,"minecraft:chicken":1,"minecraft:leather_leggings":1,"jujutsucraft:uniform_normal_boots":1,"minecraft:stone_brick_wall":1,"minecraft:large_fern":2,"jujutsucraft:clothes_zenin_leggings":1,"minecraft:snow":48,"minecraft:item_frame":10,"minecraft:glass_pane":1,"jujutsucraft:sword_black":1,"jujutsucraft:sword_shigemo":1,"minecraft:stone":8,"jujutsucraft:sword_okkotsu_yuta":1,"minecraft:snow_block":2,"minecraft:diorite":1,"minecraft:vine":4,"minecraft:deepslate_tile_stairs":1,"minecraft:light_gray_stained_glass_pane":2,"minecraft:andesite_wall":2,"jujutsucraft:clothes_ishigori_chestplate":3,"jujutsucraft:naginata":1,"minecraft:mangrove_door":2,"minecraft:pink_petals":2,"minecraft:feather":1,"minecraft:cherry_leaves":1,"jujutsucraft:uniform_gojo_boots":3,"jujutsucraft:g_staff":3,"minecraft:powder_snow_bucket":5,"jujutsucraft:sukuna_finger":1,"jujutsucraft:item_master_physical_gifted":6,"minecraft:oak_log":4,"minecraft:dirt":30,"minecraft:white_banner":3,"jujutsucraft:garuda_item":1,"jujutsucraft:split_soul_katana":1,"minecraft:dark_oak_sign":1,"minecraft:cobweb":3,"jujutsucraft:sword_miwa_kasumi":2,"minecraft:flowering_azalea":1,"jujutsucraft:dragon_bone":2,"minecraft:glow_lichen":2,"jujutsucraft:nyoi_staff":5,"minecraft:spruce_sapling":6,"jujutsucraft:uniform_gojo_chestplate":1,"minecraft:ink_sac":2,"minecraft:grass_block":10,"jujutsucraft:hiten":1,"minecraft:light_blue_terracotta":1,"minecraft:grass":7,"minecraft:oak_leaves":3},"minecraft:dropped":{"minecraft:vine":4,"jujutsucraft:sword_shigemo":1,"minecraft:light_gray_stained_glass_pane":1,"minecraft:andesite_wall":1,"minecraft:feather":1,"jujutsucraft:sword_black":1,"minecraft:grass_block":10,"minecraft:item_frame":8,"minecraft:spruce_leaves":4,"minecraft:deepslate_tile_stairs":1,"minecraft:cobweb":3,"jujutsucraft:slaughter_demon":2,"minecraft:dirt":6,"jujutsucraft:clothes_zenin_leggings":1,"minecraft:grass":5,"minecraft:diorite":1,"minecraft:ink_sac":2,"jujutsucraft:glasses_maki_leggings":2,"minecraft:flowering_azalea":1,"minecraft:white_banner":3,"jujutsucraft:dragon_bone":2,"jujutsucraft:sukuna_finger":1,"minecraft:gold_ingot":4,"minecraft:snow_block":2,"jujutsucraft:nyoi_staff":6,"jujutsucraft:hiten":1,"jujutsucraft:uniform_gojo_boots":6,"jujutsucraft:uniform_normal_leggings":1,"minecraft:coarse_dirt":1,"minecraft:dark_oak_sign":1,"jujutsucraft:sword_miwa_kasumi":1,"jujutsucraft:uniform_gojo_leggings":1,"jujutsucraft:clothes_ishigori_chestplate":3,"minecraft:chicken":1,"jjkf:ct_book":1,"jujutsucraft:blindfold_bandage_helmet":1,"jujutsucraft:sword_okkotsu_yuta":2,"jujutsucraft:clothes_fushiguro_toji_chestplate":2,"minecraft:mangrove_door":2,"jujutsucraft:naginata":2,"minecraft:glow_lichen":2,"jujutsucraft:garuda_item":1,"jujutsucraft:glasses_maki_chestplate":2,"minecraft:glass_pane":1,"jujutsucraft:uniform_normal_chestplate":1,"minecraft:stone":8,"minecraft:powder_snow_bucket":4,"jujutsucraft:item_master_physical_gifted":5,"minecraft:stone_brick_wall":1,"minecraft:birch_door":4,"minecraft:leather_leggings":1,"minecraft:oak_leaves":3,"jujutsucraft:g_staff":3,"jujutsucraft:uniform_gojo_chestplate":2},"minecraft:custom":{"minecraft:mob_kills":331,"minecraft:interact_with_crafting_table":2,"minecraft:open_barrel":22,"minecraft:damage_dealt_resisted":182586,"minecraft:leave_game":6,"minecraft:time_since_death":13838,"minecraft:climb_one_cm":4188,"minecraft:damage_resisted":76885,"minecraft:sprint_one_cm":2969390,"minecraft:walk_one_cm":570306,"minecraft:drop":95,"minecraft:talked_to_villager":8,"minecraft:play_time":187251,"minecraft:deaths":8,"minecraft:sneak_time":2219,"minecraft:walk_under_water_one_cm":13155,"minecraft:jump":2254,"minecraft:walk_on_water_one_cm":19030,"minecraft:total_world_time":187251,"minecraft:traded_with_villager":12,"minecraft:time_since_rest":13897,"minecraft:damage_absorbed":1096,"minecraft:damage_taken":24750,"minecraft:damage_dealt":15,"minecraft:swim_one_cm":61042,"minecraft:fly_one_cm":2092799,"minecraft:open_chest":93,"minecraft:crouch_one_cm":5200,"minecraft:fall_one_cm":220545},"minecraft:crafted":{"minecraft:oak_planks":16,"jujutsucraft:stevenson_screen_spawn_egg":12,"minecraft:crafting_table":2,"minecraft:air":0,"minecraft:oak_boat":1,"minecraft:golden_apple":35,"minecraft:gold_ingot":440}},"DataVersion":3465}