{"stats":{"minecraft:killed_by":{"jujutsucraft:cursed_spirit_grade_05":1,"jujutsucraft:cursed_spirit_grade_317":1,"jujutsucraft:cursed_spirit_grade_06":1},"minecraft:mined":{"minecraft:light_gray_stained_glass_pane":2,"minecraft:tall_grass":1,"minecraft:pink_petals":1,"minecraft:grass":1,"minecraft:oak_leaves":5},"minecraft:killed":{"jujutsucraft:mimiko":1,"jujutsucraft:cursed_spirit_grade_21":1,"jujutsucraft:cursed_spirit_grade_31":2,"jujutsucraft:cursed_spirit_grade_33":2,"jujutsucraft:kukuru":1,"jujutsucraft:nanako":1,"jujutsucraft:jujutsu_sorcerer":1,"jujutsucraft:charles_bernard":2,"jujutsucraft:cursed_spirit_grade_24":1,"jujutsucraft:cursed_spirit_grade_37":2,"jujutsucraft:cursed_spirit_grade_318":3,"jujutsucraft:cursed_spirit_grade_316":1,"jujutsucraft:curse_user":1,"jujutsucraft:itadori_yuji":1,"jujutsucraft:cursed_spirit_grade_321":5,"jujutsucraft:cursed_spirit_grade_39":7,"minecraft:pillager":3,"jujutsucraft:cursed_spirit_grade_314":6,"jujutsucraft:cursed_spirit_grade_312":1,"jujutsucraft:cursed_spirit_grade_313":1,"jujutsucraft:cursed_spirit_grade_311":1,"jujutsucraft:cursed_spirit_grade_310":3,"minecraft:chicken":1,"jujutsucraft:cursed_spirit_grade_36":5,"jujutsucraft:cursed_spirit_grade_317":3,"jujutsucraft:cursed_spirit_grade_315":4,"jujutsucraft:cursed_spirit_grade_38":2,"jujutsucraft:cursed_spirit_grade_34":1,"jujutsucraft:cursed_spirit_grade_319":1,"jujutsucraft:cursed_spirit_grade_322":5,"jujutsucraft:q":3,"jujutsucraft:ogami":1},"minecraft:used":{"jujutsucraft:slaughter_demon":3,"jujutsucraft:uniform_normal_boots":1,"minecraft:golden_apple":2,"jujutsucraft:uniform_normal_chestplate":1,"minecraft:totem_of_undying":1,"jujutsucraft:uniform_normal_leggings":1},"minecraft:picked_up":{"minecraft:birch_door":1,"minecraft:feather":1,"minecraft:chicken":1,"minecraft:snow":1,"minecraft:item_frame":8,"jujutsucraft:garuda_item":1,"minecraft:cobweb":3,"minecraft:dark_oak_sign":1,"jujutsucraft:sword_miwa_kasumi":2,"minecraft:glow_lichen":2,"minecraft:grass_block":2,"minecraft:vine":1,"minecraft:mangrove_door":2,"minecraft:oak_leaves":1},"minecraft:dropped":{"jujutsucraft:uniform_gojo_boots":3,"minecraft:vine":1,"jujutsucraft:uniform_normal_leggings":1,"jujutsucraft:sword_miwa_kasumi":1,"minecraft:dark_oak_sign":1,"jujutsucraft:uniform_gojo_leggings":1,"minecraft:chicken":1,"minecraft:feather":1,"jujutsucraft:blindfold_bandage_helmet":1,"jujutsucraft:clothes_fushiguro_toji_chestplate":1,"jujutsucraft:glasses_maki_chestplate":2,"minecraft:grass_block":1,"jujutsucraft:uniform_normal_chestplate":1,"minecraft:item_frame":8,"minecraft:cobweb":3,"minecraft:birch_door":1,"jujutsucraft:glasses_maki_leggings":2,"jujutsucraft:uniform_gojo_chestplate":1},"minecraft:custom":{"minecraft:mob_kills":76,"minecraft:damage_dealt_resisted":17499,"minecraft:leave_game":5,"minecraft:time_since_death":12730,"minecraft:climb_one_cm":891,"minecraft:damage_resisted":6413,"minecraft:time_since_rest":12759,"minecraft:sprint_one_cm":662433,"minecraft:walk_one_cm":140812,"minecraft:damage_taken":5337,"minecraft:damage_absorbed":80,"minecraft:drop":23,"minecraft:damage_dealt":15,"minecraft:swim_one_cm":8422,"minecraft:fly_one_cm":332829,"minecraft:open_chest":27,"minecraft:crouch_one_cm":19,"minecraft:play_time":56616,"minecraft:deaths":3,"minecraft:sneak_time":144,"minecraft:walk_under_water_one_cm":826,"minecraft:jump":680,"minecraft:walk_on_water_one_cm":4284,"minecraft:total_world_time":56616,"minecraft:fall_one_cm":38286}},"DataVersion":3465}