{"stats":{"minecraft:killed_by":{"minecraft:player":1,"jujutsucraft:kenjaku":1,"jujutsucraft:cursed_spirit_grade_05":2,"jujutsucraft:cursed_spirit_grade_110":1,"jujutsucraft:sukuna_fushiguro":3,"jujutsucraft:ishigori_ryu":1,"jujutsucraft:cursed_spirit_grade_317":1,"jujutsucraft:cursed_spirit_grade_06":1},"minecraft:mined":{"minecraft:light_gray_stained_glass_pane":2,"minecraft:grass_block":3,"minecraft:fire":1,"minecraft:packed_ice":8,"minecraft:glass_pane":2,"minecraft:powder_snow":1,"minecraft:poppy":1,"minecraft:tall_grass":2,"minecraft:pink_petals":1,"minecraft:coarse_dirt":1,"minecraft:ice":2,"minecraft:birch_leaves":1,"minecraft:grass":5,"minecraft:oak_log":4,"minecraft:dirt":5,"minecraft:oak_leaves":5},"minecraft:killed":{"jujutsucraft:mimiko":2,"jujutsucraft:cursed_spirit_grade_32":7,"jujutsucraft:transfigured_human_3":6,"jujutsucraft:cursed_spirit_grade_21":5,"jujutsucraft:cursed_spirit_grade_31":6,"jujutsucraft:cursed_spirit_grade_33":9,"jujutsucraft:reggie_star":2,"jujutsucraft:stevenson_screen":10,"jujutsucraft:divine_dog_totality":1,"jujutsucraft:nanako":1,"jujutsucraft:cursed_spirit_grade_11":1,"jujutsucraft:charles_bernard":3,"jujutsucraft:doll_1":1,"jujutsucraft:cursed_spirit_grade_24":2,"jujutsucraft:cursed_spirit_grade_12":3,"jujutsucraft:miguel":1,"jujutsucraft:cursed_spirit_grade_37":5,"jujutsucraft:cursed_spirit_grade_35":4,"jujutsucraft:rock_fragment":4,"jujutsucraft:yoshino_junpei":1,"jujutsucraft:cursed_spirit_grade_318":12,"jujutsucraft:cursed_spirit_grade_316":4,"jujutsucraft:cursed_spirit_grade_26":3,"jujutsucraft:cursed_spirit_grade_22":6,"jujutsucraft:transfigured_human_2":4,"jujutsucraft:cursed_spirit_grade_01":2,"jujutsucraft:cursed_spirit_grade_05":1,"jujutsucraft:cursed_spirit_grade_39":46,"jujutsucraft:shigemo_haruta":2,"jujutsucraft:body_repel":2,"jujutsucraft:okkotsu_yuta":1,"jujutsucraft:cursed_spirit_grade_312":3,"jujutsucraft:cursed_spirit_grade_313":4,"jujutsucraft:cursed_spirit_grade_215":1,"jujutsucraft:cursed_spirit_grade_15":2,"minecraft:chicken":1,"jujutsucraft:cursed_spirit_grade_16":4,"jujutsucraft:fushiguro_toji":1,"jujutsucraft:cursed_spirit_grade_08":1,"jujutsucraft:cursed_spirit_grade_214":2,"jujutsucraft:cursed_spirit_grade_317":14,"jujutsucraft:cursed_spirit_grade_38":8,"jujutsucraft:cursed_spirit_grade_34":9,"jujutsucraft:miyo_rokujushi":1,"jujutsucraft:cursed_spirit_grade_27":1,"jujutsucraft:hazenoki":1,"jujutsucraft:ember_insect":13,"jujutsucraft:eight_handled_swrod_divergent_sila_divine_general_mahoraga":1,"jujutsucraft:uraume":1,"jujutsucraft:cursed_spirit_grade_210":2,"jujutsucraft:kukuru":1,"jujutsucraft:max_elephant":1,"jujutsucraft:ice_spear_2":6,"jujutsucraft:jujutsu_sorcerer":1,"jujutsucraft:cursed_spirit_grade_213":3,"jujutsucraft:piercing_ox":1,"jujutsucraft:awasaka_jiro":1,"minecraft:bat":3,"jujutsucraft:zenin_maki":2,"jujutsucraft:curse_user_1":3,"jujutsucraft:cursed_spirit_grade_211":2,"jujutsucraft:curse_user":8,"jujutsucraft:cursed_spirit_grade_07":1,"jujutsucraft:itadori_yuji":1,"jujutsucraft:cursed_spirit_grade_321":17,"jujutsucraft:polymorphic_soul_isomer":1,"jujutsucraft:cursed_spirit_grade_29":4,"jujutsucraft:cursed_spirit_grade_28":3,"minecraft:pillager":3,"jujutsucraft:cursed_spirit_grade_314":20,"jujutsucraft:entity_scissors":7,"jujutsucraft:cockroaches":1,"jujutsucraft:cursed_spirit_grade_14":5,"jujutsucraft:cursed_spirit_grade_311":2,"jujutsucraft:cursed_spirit_grade_310":5,"jujutsucraft:cursed_spirit_grade_18":2,"jujutsucraft:cursed_spirit_grade_36":26,"jujutsucraft:gojo_satoru":1,"jujutsucraft:cursed_spirit_grade_25":3,"jujutsucraft:cursed_spirit_grade_315":13,"jujutsucraft:cursed_spirit_grade_212":3,"jujutsucraft:cursed_spirit_grade_319":12,"jujutsucraft:cursed_spirit_grade_322":21,"jujutsucraft:ice_spear":1,"jujutsucraft:cursed_spirit_grade_06":1,"minecraft:villager":1,"jujutsucraft:q":4,"jujutsucraft:gravestone_3":1,"jujutsucraft:ogami":1},"minecraft:used":{"jujutsucraft:slaughter_demon":5,"minecraft:stone":3,"jujutsucraft:hiten":2,"minecraft:dirt":4,"minecraft:anvil":7,"minecraft:copper_ore":1,"minecraft:totem_of_undying":4,"jujutsucraft:uniform_normal_boots":1,"jujutsucraft:nyoi_staff":1,"minecraft:golden_apple":78,"jujutsucraft:split_soul_katana":5,"minecraft:crafting_table":2,"jujutsucraft:inverted_spear_of_heaven":10,"jujutsucraft:uniform_normal_chestplate":1,"jujutsucraft:sword_okkotsu_yuta":1,"jujutsucraft:stevenson_screen_spawn_egg":12,"minecraft:potion":1,"jujutsucraft:gojo_satoru_spawn_egg":1,"jujutsucraft:uniform_normal_leggings":1,"minecraft:oak_boat":1,"jujutsucraft:sukuna_spawn_egg":1,"minecraft:splash_potion":1},"minecraft:picked_up":{"minecraft:spruce_leaves":5,"minecraft:coarse_dirt":1,"minecraft:birch_door":4,"jujutsucraft:clothes_zenin_2_chestplate":1,"minecraft:chicken":1,"minecraft:leather_leggings":1,"jujutsucraft:insect_armor_chestplate":1,"jujutsucraft:uniform_normal_boots":1,"minecraft:stone_brick_wall":1,"minecraft:snow":49,"minecraft:large_fern":2,"jujutsucraft:clothes_zenin_leggings":1,"minecraft:item_frame":10,"minecraft:glass_pane":1,"jujutsucraft:sword_black":1,"jujutsucraft:sword_shigemo":1,"minecraft:copper_ore":2,"minecraft:sandstone":1,"minecraft:stone":28,"jujutsucraft:playful_cloud":2,"jujutsucraft:sword_okkotsu_yuta":1,"minecraft:snow_block":2,"minecraft:diorite":1,"minecraft:vine":4,"minecraft:deepslate_tile_stairs":1,"minecraft:light_gray_stained_glass_pane":2,"minecraft:andesite_wall":2,"jujutsucraft:clothes_ishigori_chestplate":3,"jujutsucraft:naginata":1,"minecraft:mangrove_door":2,"minecraft:pink_petals":2,"jujutsucraft:uniform_gojo_boots":3,"minecraft:cherry_leaves":1,"minecraft:feather":1,"jujutsucraft:g_staff":3,"minecraft:andesite":2,"minecraft:salmon":20,"minecraft:powder_snow_bucket":5,"jujutsucraft:sukuna_finger":4,"jujutsucraft:sword_kusakabe":1,"jujutsucraft:item_master_physical_gifted":6,"minecraft:oak_log":5,"jujutsucraft:inverted_spear_of_heaven":2,"jujutsucraft:fester_life_blade":1,"minecraft:gray_concrete":2,"minecraft:dirt":46,"minecraft:lantern":1,"minecraft:white_banner":3,"jujutsucraft:itadori_arm":1,"jujutsucraft:knife":1,"jujutsucraft:garuda_item":1,"jujutsucraft:split_soul_katana":4,"minecraft:cobweb":3,"minecraft:dark_oak_sign":1,"jujutsucraft:sword_miwa_kasumi":3,"minecraft:flowering_azalea":1,"jujutsucraft:jogo_spawn_egg":22,"jujutsucraft:nyoi_staff":5,"jujutsucraft:dragon_bone":2,"minecraft:glow_lichen":2,"minecraft:gravel":4,"minecraft:sand":4,"minecraft:spruce_sapling":6,"minecraft:ink_sac":66,"jujutsucraft:uniform_gojo_chestplate":2,"minecraft:grass_block":11,"jujutsucraft:hiten":1,"minecraft:light_blue_terracotta":1,"minecraft:granite":1,"minecraft:grass":7,"jujutsucraft:copied_cursed_technique":2,"minecraft:oak_leaves":4},"minecraft:dropped":{"minecraft:vine":4,"minecraft:oak_log":1,"minecraft:glass_bottle":1,"jujutsucraft:sword_shigemo":1,"minecraft:light_gray_stained_glass_pane":1,"minecraft:andesite_wall":2,"minecraft:feather":1,"jujutsucraft:sword_black":1,"jujutsucraft:split_soul_katana":3,"minecraft:granite":1,"minecraft:grass_block":11,"minecraft:item_frame":10,"minecraft:spruce_leaves":5,"minecraft:deepslate_tile_stairs":1,"minecraft:cobweb":3,"jujutsucraft:slaughter_demon":2,"minecraft:dirt":42,"minecraft:gray_concrete":2,"jujutsucraft:clothes_zenin_leggings":1,"minecraft:grass":7,"minecraft:diorite":1,"minecraft:ink_sac":66,"minecraft:large_fern":2,"minecraft:cherry_leaves":1,"minecraft:potion":1,"jujutsucraft:glasses_maki_leggings":2,"minecraft:flowering_azalea":1,"minecraft:white_banner":3,"minecraft:sand":4,"jujutsucraft:fester_life_blade":1,"jujutsucraft:dragon_bone":2,"minecraft:pink_petals":2,"jujutsucraft:jogo_spawn_egg":22,"jujutsucraft:sukuna_finger":4,"minecraft:spruce_sapling":6,"minecraft:gold_ingot":4,"minecraft:snow_block":2,"minecraft:gravel":4,"jujutsucraft:nyoi_staff":6,"jujutsucraft:hiten":1,"minecraft:anvil":1,"jujutsucraft:uniform_gojo_boots":6,"jujutsucraft:uniform_normal_leggings":1,"minecraft:coarse_dirt":1,"minecraft:dark_oak_sign":1,"jujutsucraft:playful_cloud":1,"jujutsucraft:sword_miwa_kasumi":2,"jujutsucraft:uniform_gojo_leggings":1,"jujutsucraft:clothes_ishigori_chestplate":3,"minecraft:chicken":1,"jjkf:ct_book":1,"jujutsucraft:blindfold_bandage_helmet":1,"minecraft:oak_planks":3,"jujutsucraft:sword_okkotsu_yuta":2,"jujutsucraft:clothes_fushiguro_toji_chestplate":2,"jujutsucraft:copied_cursed_technique":2,"minecraft:mangrove_door":2,"jujutsucraft:naginata":2,"minecraft:glow_lichen":2,"jujutsucraft:itadori_arm":1,"jujutsucraft:garuda_item":1,"jujutsucraft:knife":1,"minecraft:salmon":20,"minecraft:glass_pane":1,"jujutsucraft:glasses_maki_chestplate":2,"jujutsucraft:uniform_normal_chestplate":1,"minecraft:copper_ore":1,"minecraft:snow":49,"minecraft:stone":25,"minecraft:powder_snow_bucket":5,"minecraft:andesite":2,"jujutsucraft:item_master_physical_gifted":5,"jujutsucraft:sword_kusakabe":1,"minecraft:stone_brick_wall":1,"minecraft:birch_door":4,"minecraft:leather_leggings":1,"minecraft:sandstone":1,"jujutsucraft:clothes_zenin_2_chestplate":1,"minecraft:light_blue_terracotta":1,"jujutsucraft:uniform_normal_boots":1,"minecraft:oak_leaves":4,"minecraft:splash_potion":2,"jujutsucraft:g_staff":3,"jujutsucraft:uniform_gojo_chestplate":3},"minecraft:custom":{"minecraft:interact_with_anvil":25,"minecraft:mob_kills":464,"minecraft:interact_with_crafting_table":2,"minecraft:open_barrel":22,"minecraft:damage_dealt_resisted":389562,"minecraft:leave_game":8,"minecraft:time_since_death":2828,"minecraft:climb_one_cm":4400,"minecraft:damage_resisted":156790,"minecraft:walk_one_cm":993497,"minecraft:sprint_one_cm":4687131,"minecraft:drop":155,"minecraft:talked_to_villager":8,"minecraft:play_time":301740,"minecraft:deaths":11,"minecraft:sneak_time":6495,"minecraft:walk_under_water_one_cm":28578,"minecraft:jump":4294,"minecraft:walk_on_water_one_cm":80834,"minecraft:total_world_time":301740,"minecraft:traded_with_villager":12,"minecraft:time_since_rest":2852,"minecraft:damage_absorbed":2695,"minecraft:damage_taken":42564,"minecraft:damage_dealt":15,"minecraft:swim_one_cm":156390,"minecraft:fly_one_cm":5727180,"minecraft:open_chest":93,"minecraft:crouch_one_cm":28075,"minecraft:fall_one_cm":513412},"minecraft:crafted":{"minecraft:oak_planks":16,"jujutsucraft:stevenson_screen_spawn_egg":12,"minecraft:crafting_table":2,"minecraft:air":0,"minecraft:oak_boat":1,"minecraft:golden_apple":35,"minecraft:gold_ingot":440}},"DataVersion":3465}