{"stats":{"minecraft:killed_by":{"jujutsucraft:cursed_spirit_grade_317":1,"jujutsucraft:cursed_spirit_grade_05":1,"jujutsucraft:cursed_spirit_grade_06":1},"minecraft:mined":{"minecraft:pink_petals":1,"minecraft:grass":1,"minecraft:tall_grass":1,"minecraft:oak_leaves":5},"minecraft:killed":{"jujutsucraft:mimiko":1,"jujutsucraft:cursed_spirit_grade_39":7,"jujutsucraft:cursed_spirit_grade_31":2,"jujutsucraft:cursed_spirit_grade_33":2,"jujutsucraft:cursed_spirit_grade_312":1,"jujutsucraft:cursed_spirit_grade_313":1,"jujutsucraft:cursed_spirit_grade_314":4,"jujutsucraft:cursed_spirit_grade_311":1,"jujutsucraft:cursed_spirit_grade_310":2,"jujutsucraft:kukuru":1,"jujutsucraft:nanako":1,"jujutsucraft:jujutsu_sorcerer":1,"minecraft:chicken":1,"jujutsucraft:cursed_spirit_grade_36":5,"jujutsucraft:cursed_spirit_grade_37":2,"jujutsucraft:cursed_spirit_grade_318":3,"jujutsucraft:cursed_spirit_grade_317":3,"jujutsucraft:cursed_spirit_grade_315":4,"jujutsucraft:cursed_spirit_grade_38":2,"jujutsucraft:cursed_spirit_grade_34":1,"jujutsucraft:cursed_spirit_grade_319":1,"jujutsucraft:curse_user":1,"jujutsucraft:cursed_spirit_grade_322":5,"jujutsucraft:itadori_yuji":1,"jujutsucraft:q":3,"jujutsucraft:cursed_spirit_grade_321":2,"jujutsucraft:ogami":1},"minecraft:used":{"jujutsucraft:slaughter_demon":1,"jujutsucraft:uniform_normal_boots":1,"minecraft:golden_apple":2,"jujutsucraft:uniform_normal_leggings":1,"jujutsucraft:uniform_normal_chestplate":1},"minecraft:picked_up":{"minecraft:feather":1,"minecraft:chicken":1,"minecraft:grass_block":1,"minecraft:item_frame":8,"jujutsucraft:garuda_item":1,"minecraft:cobweb":3,"jujutsucraft:sword_miwa_kasumi":2},"minecraft:dropped":{"minecraft:cobweb":3,"jujutsucraft:uniform_gojo_boots":3,"jujutsucraft:uniform_normal_leggings":1,"jujutsucraft:sword_miwa_kasumi":1,"jujutsucraft:uniform_gojo_leggings":1,"minecraft:chicken":1,"jujutsucraft:blindfold_bandage_helmet":1,"jujutsucraft:clothes_fushiguro_toji_chestplate":1,"jujutsucraft:glasses_maki_leggings":2,"minecraft:grass_block":1,"jujutsucraft:glasses_maki_chestplate":2,"jujutsucraft:uniform_normal_chestplate":1,"jujutsucraft:uniform_gojo_chestplate":1,"minecraft:item_frame":4},"minecraft:custom":{"minecraft:time_since_rest":759,"minecraft:damage_absorbed":80,"minecraft:damage_taken":4135,"minecraft:sprint_one_cm":371150,"minecraft:walk_one_cm":106748,"minecraft:mob_kills":62,"minecraft:drop":18,"minecraft:damage_dealt":15,"minecraft:swim_one_cm":1482,"minecraft:fly_one_cm":234590,"minecraft:open_chest":17,"minecraft:crouch_one_cm":19,"minecraft:play_time":44616,"minecraft:deaths":3,"minecraft:sneak_time":86,"minecraft:walk_under_water_one_cm":499,"minecraft:jump":475,"minecraft:damage_dealt_resisted":11362,"minecraft:leave_game":5,"minecraft:walk_on_water_one_cm":828,"minecraft:time_since_death":730,"minecraft:climb_one_cm":692,"minecraft:total_world_time":44616,"minecraft:damage_resisted":4616,"minecraft:fall_one_cm":28917}},"DataVersion":3465}