{"stats":{"minecraft:killed_by":{"jujutsucraft:cursed_spirit_grade_05":2,"jujutsucraft:cursed_spirit_grade_110":1,"jujutsucraft:cursed_spirit_grade_317":1,"jujutsucraft:cursed_spirit_grade_06":1},"minecraft:mined":{"minecraft:light_gray_stained_glass_pane":2,"minecraft:tall_grass":1,"minecraft:pink_petals":1,"minecraft:coarse_dirt":1,"minecraft:grass":3,"minecraft:oak_log":4,"minecraft:dirt":1,"minecraft:oak_leaves":5},"minecraft:killed":{"jujutsucraft:mimiko":2,"jujutsucraft:cursed_spirit_grade_32":1,"jujutsucraft:transfigured_human_3":1,"jujutsucraft:cursed_spirit_grade_210":1,"jujutsucraft:cursed_spirit_grade_21":1,"jujutsucraft:cursed_spirit_grade_31":3,"jujutsucraft:cursed_spirit_grade_33":3,"jujutsucraft:stevenson_screen":5,"jujutsucraft:kukuru":1,"jujutsucraft:cursed_spirit_grade_11":1,"jujutsucraft:nanako":1,"jujutsucraft:jujutsu_sorcerer":1,"jujutsucraft:charles_bernard":2,"jujutsucraft:cursed_spirit_grade_24":1,"jujutsucraft:cursed_spirit_grade_37":2,"jujutsucraft:cursed_spirit_grade_35":1,"jujutsucraft:cursed_spirit_grade_318":3,"jujutsucraft:cursed_spirit_grade_316":1,"jujutsucraft:transfigured_human_2":1,"jujutsucraft:cursed_spirit_grade_22":1,"jujutsucraft:curse_user":4,"jujutsucraft:itadori_yuji":1,"jujutsucraft:cursed_spirit_grade_321":6,"jujutsucraft:cursed_spirit_grade_39":13,"minecraft:pillager":3,"jujutsucraft:shigemo_haruta":1,"jujutsucraft:cursed_spirit_grade_314":9,"jujutsucraft:cursed_spirit_grade_312":1,"jujutsucraft:cursed_spirit_grade_313":2,"jujutsucraft:cursed_spirit_grade_14":1,"jujutsucraft:cursed_spirit_grade_311":1,"jujutsucraft:cursed_spirit_grade_310":3,"jujutsucraft:cursed_spirit_grade_15":1,"minecraft:chicken":1,"jujutsucraft:cursed_spirit_grade_36":13,"jujutsucraft:cursed_spirit_grade_317":11,"jujutsucraft:cursed_spirit_grade_315":7,"jujutsucraft:cursed_spirit_grade_38":4,"jujutsucraft:cursed_spirit_grade_34":3,"jujutsucraft:cursed_spirit_grade_319":4,"jujutsucraft:cursed_spirit_grade_322":9,"jujutsucraft:q":3,"jujutsucraft:ogami":1},"minecraft:used":{"jujutsucraft:slaughter_demon":5,"jujutsucraft:uniform_normal_boots":1,"jujutsucraft:nyoi_staff":1,"minecraft:golden_apple":4,"minecraft:crafting_table":1,"jujutsucraft:uniform_normal_chestplate":1,"jujutsucraft:sword_okkotsu_yuta":1,"jujutsucraft:stevenson_screen_spawn_egg":6,"minecraft:totem_of_undying":3,"jujutsucraft:uniform_normal_leggings":1,"minecraft:oak_boat":1},"minecraft:picked_up":{"minecraft:spruce_leaves":1,"minecraft:coarse_dirt":1,"minecraft:birch_door":1,"minecraft:feather":1,"jujutsucraft:g_staff":3,"minecraft:chicken":1,"jujutsucraft:sukuna_finger":1,"minecraft:oak_log":4,"minecraft:dirt":5,"minecraft:snow":14,"minecraft:item_frame":8,"jujutsucraft:garuda_item":1,"jujutsucraft:split_soul_katana":1,"minecraft:cobweb":3,"minecraft:dark_oak_sign":1,"jujutsucraft:sword_miwa_kasumi":2,"minecraft:flowering_azalea":1,"jujutsucraft:dragon_bone":2,"jujutsucraft:nyoi_staff":3,"minecraft:glow_lichen":2,"jujutsucraft:sword_okkotsu_yuta":1,"minecraft:ink_sac":2,"minecraft:grass_block":7,"minecraft:vine":3,"minecraft:light_gray_stained_glass_pane":1,"minecraft:grass":5,"minecraft:mangrove_door":2,"minecraft:oak_leaves":1},"minecraft:dropped":{"jujutsucraft:nyoi_staff":4,"jujutsucraft:uniform_gojo_boots":3,"minecraft:vine":3,"jujutsucraft:uniform_normal_leggings":1,"minecraft:coarse_dirt":1,"jujutsucraft:sword_miwa_kasumi":1,"minecraft:dark_oak_sign":1,"jujutsucraft:uniform_gojo_leggings":1,"minecraft:chicken":1,"minecraft:feather":1,"jujutsucraft:sword_okkotsu_yuta":2,"jujutsucraft:blindfold_bandage_helmet":1,"jujutsucraft:clothes_fushiguro_toji_chestplate":1,"jujutsucraft:naginata":1,"jujutsucraft:garuda_item":1,"jujutsucraft:glasses_maki_chestplate":2,"minecraft:grass_block":1,"jujutsucraft:uniform_normal_chestplate":1,"minecraft:item_frame":8,"minecraft:spruce_leaves":1,"minecraft:cobweb":3,"minecraft:dirt":1,"minecraft:ink_sac":2,"minecraft:birch_door":1,"jujutsucraft:glasses_maki_leggings":2,"jujutsucraft:dragon_bone":2,"jujutsucraft:sukuna_finger":1,"jujutsucraft:g_staff":3,"jujutsucraft:uniform_gojo_chestplate":1},"minecraft:custom":{"minecraft:mob_kills":144,"minecraft:traded_with_villager":6,"minecraft:interact_with_crafting_table":1,"minecraft:open_barrel":22,"minecraft:damage_dealt_resisted":43674,"minecraft:leave_game":5,"minecraft:time_since_death":24556,"minecraft:climb_one_cm":1821,"minecraft:damage_resisted":20022,"minecraft:time_since_rest":24592,"minecraft:sprint_one_cm":1388625,"minecraft:walk_one_cm":265658,"minecraft:damage_taken":11400,"minecraft:damage_absorbed":240,"minecraft:drop":44,"minecraft:damage_dealt":15,"minecraft:swim_one_cm":50482,"minecraft:talked_to_villager":1,"minecraft:fly_one_cm":727583,"minecraft:open_chest":83,"minecraft:crouch_one_cm":2029,"minecraft:play_time":98616,"minecraft:deaths":5,"minecraft:sneak_time":792,"minecraft:walk_under_water_one_cm":12471,"minecraft:jump":1281,"minecraft:walk_on_water_one_cm":17666,"minecraft:total_world_time":98616,"minecraft:fall_one_cm":81423},"minecraft:crafted":{"minecraft:oak_planks":16,"minecraft:crafting_table":1,"minecraft:air":0,"minecraft:oak_boat":1,"jujutsucraft:stevenson_screen_spawn_egg":6}},"DataVersion":3465}