{"stats":{"minecraft:mined":{"minecraft:oak_leaves":5},"minecraft:used":{"jujutsucraft:uniform_normal_boots":1,"jujutsucraft:uniform_normal_chestplate":1,"jujutsucraft:uniform_normal_leggings":1},"minecraft:custom":{"minecraft:jump":48,"minecraft:time_since_rest":11257,"minecraft:leave_game":1,"minecraft:sprint_one_cm":2136,"minecraft:play_time":11257,"minecraft:damage_taken":30,"minecraft:time_since_death":11257,"minecraft:walk_one_cm":4320,"minecraft:sneak_time":16,"minecraft:total_world_time":11257,"minecraft:fall_one_cm":2509,"minecraft:fly_one_cm":3505}},"DataVersion":3465}