{"stats":{"minecraft:killed_by":{"minecraft:player":1,"jujutsucraft:kenjaku":1,"jujutsucraft:cursed_spirit_grade_05":2,"jujutsucraft:cursed_spirit_grade_110":1,"jujutsucraft:ishigori_ryu":1,"jujutsucraft:cursed_spirit_grade_317":1,"jujutsucraft:cursed_spirit_grade_06":1},"minecraft:mined":{"minecraft:light_gray_stained_glass_pane":2,"minecraft:grass_block":1,"minecraft:glass_pane":2,"minecraft:powder_snow":1,"minecraft:poppy":1,"minecraft:tall_grass":2,"minecraft:pink_petals":1,"minecraft:coarse_dirt":1,"minecraft:grass":5,"minecraft:oak_log":4,"minecraft:dirt":1,"minecraft:oak_leaves":5},"minecraft:killed":{"jujutsucraft:mimiko":2,"jujutsucraft:cursed_spirit_grade_32":7,"jujutsucraft:transfigured_human_3":4,"jujutsucraft:cursed_spirit_grade_21":5,"jujutsucraft:cursed_spirit_grade_31":5,"jujutsucraft:cursed_spirit_grade_33":9,"jujutsucraft:reggie_star":2,"jujutsucraft:stevenson_screen":10,"jujutsucraft:nanako":1,"jujutsucraft:cursed_spirit_grade_11":1,"jujutsucraft:charles_bernard":3,"jujutsucraft:doll_1":1,"jujutsucraft:cursed_spirit_grade_24":1,"jujutsucraft:cursed_spirit_grade_12":3,"jujutsucraft:cursed_spirit_grade_37":5,"jujutsucraft:cursed_spirit_grade_35":3,"jujutsucraft:rock_fragment":4,"jujutsucraft:yoshino_junpei":1,"jujutsucraft:cursed_spirit_grade_318":10,"jujutsucraft:cursed_spirit_grade_316":4,"jujutsucraft:cursed_spirit_grade_26":3,"jujutsucraft:cursed_spirit_grade_22":4,"jujutsucraft:transfigured_human_2":4,"jujutsucraft:cursed_spirit_grade_01":1,"jujutsucraft:cursed_spirit_grade_05":1,"jujutsucraft:cursed_spirit_grade_39":43,"jujutsucraft:shigemo_haruta":2,"jujutsucraft:body_repel":2,"jujutsucraft:okkotsu_yuta":1,"jujutsucraft:cursed_spirit_grade_312":3,"jujutsucraft:cursed_spirit_grade_313":4,"minecraft:chicken":1,"jujutsucraft:cursed_spirit_grade_15":2,"jujutsucraft:cursed_spirit_grade_16":2,"jujutsucraft:cursed_spirit_grade_08":1,"jujutsucraft:cursed_spirit_grade_214":1,"jujutsucraft:cursed_spirit_grade_317":14,"jujutsucraft:cursed_spirit_grade_38":8,"jujutsucraft:cursed_spirit_grade_34":8,"jujutsucraft:miyo_rokujushi":1,"jujutsucraft:cursed_spirit_grade_27":1,"jujutsucraft:hazenoki":1,"jujutsucraft:ember_insect":13,"jujutsucraft:eight_handled_swrod_divergent_sila_divine_general_mahoraga":1,"jujutsucraft:cursed_spirit_grade_210":2,"jujutsucraft:kukuru":1,"jujutsucraft:ice_spear_2":6,"jujutsucraft:jujutsu_sorcerer":1,"jujutsucraft:cursed_spirit_grade_213":2,"minecraft:bat":3,"jujutsucraft:zenin_maki":2,"jujutsucraft:curse_user_1":3,"jujutsucraft:cursed_spirit_grade_211":2,"jujutsucraft:curse_user":8,"jujutsucraft:cursed_spirit_grade_07":1,"jujutsucraft:itadori_yuji":1,"jujutsucraft:cursed_spirit_grade_321":14,"jujutsucraft:polymorphic_soul_isomer":1,"jujutsucraft:cursed_spirit_grade_28":3,"jujutsucraft:cursed_spirit_grade_29":4,"minecraft:pillager":3,"jujutsucraft:cursed_spirit_grade_314":19,"jujutsucraft:entity_scissors":4,"jujutsucraft:cockroaches":1,"jujutsucraft:cursed_spirit_grade_14":5,"jujutsucraft:cursed_spirit_grade_311":2,"jujutsucraft:cursed_spirit_grade_310":3,"jujutsucraft:cursed_spirit_grade_18":1,"jujutsucraft:cursed_spirit_grade_36":26,"jujutsucraft:cursed_spirit_grade_25":3,"jujutsucraft:cursed_spirit_grade_315":12,"jujutsucraft:cursed_spirit_grade_212":2,"jujutsucraft:cursed_spirit_grade_319":12,"jujutsucraft:cursed_spirit_grade_322":19,"jujutsucraft:cursed_spirit_grade_06":1,"jujutsucraft:ice_spear":1,"minecraft:villager":1,"jujutsucraft:q":4,"jujutsucraft:gravestone_3":1,"jujutsucraft:ogami":1},"minecraft:used":{"jujutsucraft:slaughter_demon":5,"jujutsucraft:hiten":2,"minecraft:totem_of_undying":4,"jujutsucraft:uniform_normal_boots":1,"jujutsucraft:nyoi_staff":1,"minecraft:golden_apple":31,"jujutsucraft:split_soul_katana":4,"minecraft:crafting_table":2,"jujutsucraft:uniform_normal_chestplate":1,"jujutsucraft:sword_okkotsu_yuta":1,"jujutsucraft:stevenson_screen_spawn_egg":12,"jujutsucraft:uniform_normal_leggings":1,"minecraft:oak_boat":1},"minecraft:picked_up":{"minecraft:spruce_leaves":5,"jujutsucraft:clothes_zenin_2_chestplate":1,"minecraft:birch_door":4,"minecraft:coarse_dirt":1,"jujutsucraft:insect_armor_chestplate":1,"minecraft:chicken":1,"minecraft:leather_leggings":1,"jujutsucraft:uniform_normal_boots":1,"minecraft:stone_brick_wall":1,"minecraft:large_fern":2,"jujutsucraft:clothes_zenin_leggings":1,"minecraft:snow":49,"minecraft:item_frame":10,"minecraft:glass_pane":1,"jujutsucraft:sword_black":1,"jujutsucraft:sword_shigemo":1,"minecraft:copper_ore":1,"minecraft:sandstone":1,"minecraft:stone":22,"jujutsucraft:playful_cloud":2,"jujutsucraft:sword_okkotsu_yuta":1,"minecraft:snow_block":2,"minecraft:diorite":1,"minecraft:vine":4,"minecraft:deepslate_tile_stairs":1,"minecraft:light_gray_stained_glass_pane":2,"minecraft:andesite_wall":2,"jujutsucraft:clothes_ishigori_chestplate":3,"jujutsucraft:naginata":1,"minecraft:mangrove_door":2,"minecraft:pink_petals":2,"minecraft:feather":1,"jujutsucraft:uniform_gojo_boots":3,"jujutsucraft:g_staff":3,"minecraft:cherry_leaves":1,"minecraft:powder_snow_bucket":5,"jujutsucraft:sukuna_finger":2,"jujutsucraft:item_master_physical_gifted":6,"minecraft:oak_log":4,"jujutsucraft:inverted_spear_of_heaven":1,"jujutsucraft:fester_life_blade":1,"minecraft:gray_concrete":2,"minecraft:dirt":33,"minecraft:lantern":1,"minecraft:white_banner":3,"jujutsucraft:itadori_arm":1,"jujutsucraft:knife":1,"jujutsucraft:garuda_item":1,"jujutsucraft:split_soul_katana":2,"minecraft:dark_oak_sign":1,"minecraft:cobweb":3,"jujutsucraft:sword_miwa_kasumi":3,"minecraft:flowering_azalea":1,"jujutsucraft:dragon_bone":2,"minecraft:glow_lichen":2,"jujutsucraft:nyoi_staff":5,"minecraft:gravel":1,"minecraft:sand":1,"minecraft:spruce_sapling":6,"jujutsucraft:uniform_gojo_chestplate":1,"minecraft:ink_sac":3,"minecraft:grass_block":10,"jujutsucraft:hiten":1,"minecraft:light_blue_terracotta":1,"minecraft:grass":7,"minecraft:oak_leaves":3},"minecraft:dropped":{"minecraft:vine":4,"jujutsucraft:sword_shigemo":1,"minecraft:light_gray_stained_glass_pane":1,"minecraft:andesite_wall":2,"minecraft:feather":1,"jujutsucraft:sword_black":1,"minecraft:grass_block":10,"minecraft:item_frame":10,"minecraft:spruce_leaves":5,"minecraft:deepslate_tile_stairs":1,"minecraft:cobweb":3,"jujutsucraft:slaughter_demon":2,"minecraft:dirt":31,"jujutsucraft:clothes_zenin_leggings":1,"minecraft:grass":7,"minecraft:diorite":1,"minecraft:ink_sac":2,"minecraft:large_fern":2,"minecraft:cherry_leaves":1,"jujutsucraft:glasses_maki_leggings":2,"minecraft:sand":1,"minecraft:flowering_azalea":1,"minecraft:white_banner":3,"jujutsucraft:fester_life_blade":1,"jujutsucraft:dragon_bone":2,"jujutsucraft:sukuna_finger":2,"minecraft:spruce_sapling":6,"minecraft:gold_ingot":4,"minecraft:snow_block":2,"jujutsucraft:nyoi_staff":6,"jujutsucraft:hiten":1,"jujutsucraft:uniform_gojo_boots":6,"jujutsucraft:uniform_normal_leggings":1,"minecraft:coarse_dirt":1,"jujutsucraft:playful_cloud":1,"minecraft:dark_oak_sign":1,"jujutsucraft:sword_miwa_kasumi":2,"jujutsucraft:uniform_gojo_leggings":1,"jujutsucraft:clothes_ishigori_chestplate":3,"minecraft:chicken":1,"minecraft:oak_planks":1,"jjkf:ct_book":1,"jujutsucraft:blindfold_bandage_helmet":1,"jujutsucraft:clothes_fushiguro_toji_chestplate":2,"jujutsucraft:sword_okkotsu_yuta":2,"minecraft:mangrove_door":2,"jujutsucraft:naginata":2,"minecraft:glow_lichen":2,"jujutsucraft:itadori_arm":1,"jujutsucraft:garuda_item":1,"jujutsucraft:glasses_maki_chestplate":2,"minecraft:glass_pane":1,"jujutsucraft:uniform_normal_chestplate":1,"minecraft:snow":48,"minecraft:stone":8,"minecraft:powder_snow_bucket":5,"jujutsucraft:item_master_physical_gifted":5,"minecraft:stone_brick_wall":1,"minecraft:birch_door":4,"minecraft:leather_leggings":1,"minecraft:sandstone":1,"minecraft:light_blue_terracotta":1,"minecraft:oak_leaves":3,"jujutsucraft:g_staff":3,"jujutsucraft:uniform_gojo_chestplate":2},"minecraft:custom":{"minecraft:mob_kills":419,"minecraft:interact_with_crafting_table":2,"minecraft:open_barrel":22,"minecraft:damage_dealt_resisted":247287,"minecraft:leave_game":7,"minecraft:time_since_death":48084,"minecraft:climb_one_cm":4400,"minecraft:damage_resisted":89709,"minecraft:sprint_one_cm":3774757,"minecraft:walk_one_cm":756052,"minecraft:drop":114,"minecraft:talked_to_villager":8,"minecraft:play_time":221497,"minecraft:deaths":8,"minecraft:sneak_time":2622,"minecraft:walk_under_water_one_cm":15172,"minecraft:jump":2881,"minecraft:walk_on_water_one_cm":29501,"minecraft:total_world_time":221497,"minecraft:traded_with_villager":12,"minecraft:time_since_rest":48143,"minecraft:damage_absorbed":1165,"minecraft:damage_taken":27869,"minecraft:damage_dealt":15,"minecraft:swim_one_cm":77398,"minecraft:fly_one_cm":3357354,"minecraft:open_chest":93,"minecraft:crouch_one_cm":7225,"minecraft:fall_one_cm":335773},"minecraft:crafted":{"minecraft:oak_planks":16,"jujutsucraft:stevenson_screen_spawn_egg":12,"minecraft:crafting_table":2,"minecraft:air":0,"minecraft:oak_boat":1,"minecraft:golden_apple":35,"minecraft:gold_ingot":440}},"DataVersion":3465}