{"stats":{"minecraft:killed_by":{"jujutsucraft:cursed_spirit_grade_317":1},"minecraft:mined":{"minecraft:pink_petals":1,"minecraft:grass":1,"minecraft:tall_grass":1,"minecraft:oak_leaves":5},"minecraft:killed":{"jujutsucraft:mimiko":1,"jujutsucraft:cursed_spirit_grade_39":3,"jujutsucraft:cursed_spirit_grade_31":1,"jujutsucraft:cursed_spirit_grade_33":2,"jujutsucraft:cursed_spirit_grade_314":2,"jujutsucraft:cursed_spirit_grade_310":1,"jujutsucraft:kukuru":1,"jujutsucraft:nanako":1,"minecraft:chicken":1,"jujutsucraft:cursed_spirit_grade_36":3,"jujutsucraft:cursed_spirit_grade_37":1,"jujutsucraft:cursed_spirit_grade_317":2,"jujutsucraft:q":3,"jujutsucraft:cursed_spirit_grade_321":1},"minecraft:used":{"jujutsucraft:slaughter_demon":1,"jujutsucraft:uniform_normal_boots":1,"jujutsucraft:uniform_normal_leggings":1,"jujutsucraft:uniform_normal_chestplate":1},"minecraft:picked_up":{"minecraft:feather":1,"minecraft:chicken":1,"minecraft:grass_block":1,"jujutsucraft:garuda_item":1},"minecraft:dropped":{"jujutsucraft:uniform_gojo_boots":1,"jujutsucraft:uniform_normal_leggings":1,"jujutsucraft:glasses_maki_leggings":1,"jujutsucraft:glasses_maki_chestplate":1,"jujutsucraft:uniform_normal_chestplate":1},"minecraft:custom":{"minecraft:time_since_rest":11807,"minecraft:damage_taken":880,"minecraft:sprint_one_cm":143049,"minecraft:walk_one_cm":51567,"minecraft:mob_kills":24,"minecraft:drop":5,"minecraft:damage_dealt":15,"minecraft:swim_one_cm":1482,"minecraft:fly_one_cm":106026,"minecraft:open_chest":1,"minecraft:crouch_one_cm":19,"minecraft:play_time":32616,"minecraft:deaths":1,"minecraft:sneak_time":81,"minecraft:walk_under_water_one_cm":499,"minecraft:jump":374,"minecraft:damage_dealt_resisted":3804,"minecraft:leave_game":5,"minecraft:walk_on_water_one_cm":828,"minecraft:time_since_death":11776,"minecraft:climb_one_cm":80,"minecraft:total_world_time":32616,"minecraft:damage_resisted":384,"minecraft:fall_one_cm":18534}},"DataVersion":3465}