{"stats":{"minecraft:killed_by":{"jujutsucraft:cursed_spirit_grade_16":1,"jujutsucraft:cursed_spirit_grade_05":1,"jujutsucraft:uraume":1,"jujutsucraft:cursed_spirit_grade_22":3},"minecraft:killed":{"jujutsucraft:mimiko":2,"jujutsucraft:cursed_spirit_grade_32":5,"jujutsucraft:cursed_spirit_grade_28":1,"jujutsucraft:cursed_spirit_grade_21":1,"jujutsucraft:cursed_spirit_grade_210":2,"jujutsucraft:cursed_spirit_grade_39":4,"jujutsucraft:cursed_spirit_grade_31":1,"jujutsucraft:shigemo_haruta":1,"jujutsucraft:cursed_spirit_grade_33":1,"jujutsucraft:cursed_spirit_grade_313":3,"jujutsucraft:cursed_spirit_grade_314":6,"jujutsucraft:cursed_spirit_grade_311":1,"jujutsucraft:cursed_spirit_grade_310":2,"minecraft:chicken":1,"jujutsucraft:cursed_spirit_grade_16":1,"jujutsucraft:cursed_spirit_grade_36":1,"jujutsucraft:cursed_spirit_grade_25":1,"jujutsucraft:cursed_spirit_grade_35":2,"jujutsucraft:cursed_spirit_grade_26":1,"jujutsucraft:cursed_spirit_grade_316":2,"jujutsucraft:cursed_spirit_grade_318":4,"jujutsucraft:cursed_spirit_grade_38":2,"jujutsucraft:curse_user_1":1,"jujutsucraft:cursed_spirit_grade_34":5,"jujutsucraft:cursed_spirit_grade_319":3,"jujutsucraft:curse_user":6,"jujutsucraft:cursed_spirit_grade_322":5,"jujutsucraft:q":1,"jujutsucraft:cursed_spirit_grade_321":1,"jujutsucraft:gravestone_3":5},"minecraft:used":{"jujutsucraft:uniform_itadori_chestplate":1,"minecraft:grass_block":1,"jujutsucraft:uniform_itadori_leggings":1,"jujutsucraft:uniform_q_helmet":1,"jujutsucraft:uniform_normal_boots":1,"minecraft:dirt":1},"minecraft:picked_up":{"minecraft:feather":1,"minecraft:chicken":1,"minecraft:torch":2,"minecraft:grass_block":3,"minecraft:dirt":1,"minecraft:item_frame":2,"jujutsucraft:garuda_item":2,"minecraft:cobbled_deepslate":1,"minecraft:wheat_seeds":1,"minecraft:cobweb":5,"minecraft:grass":1,"jujutsucraft:uniform_q_helmet":1},"minecraft:dropped":{"minecraft:wheat_seeds":1,"jujutsucraft:garuda_item":1},"minecraft:custom":{"minecraft:time_since_rest":1205,"minecraft:inspect_dropper":5,"minecraft:sprint_one_cm":350687,"minecraft:walk_one_cm":76014,"minecraft:damage_taken":6386,"minecraft:mob_kills":75,"minecraft:drop":2,"minecraft:talked_to_villager":1,"minecraft:fly_one_cm":453484,"minecraft:open_chest":2,"minecraft:play_time":28226,"minecraft:deaths":10,"minecraft:jump":668,"minecraft:damage_dealt_resisted":17770,"minecraft:leave_game":1,"minecraft:walk_on_water_one_cm":465,"minecraft:time_since_death":1156,"minecraft:sleep_in_bed":1,"minecraft:climb_one_cm":2978,"minecraft:total_world_time":28226,"minecraft:damage_resisted":7031,"minecraft:fall_one_cm":88654}},"DataVersion":3465}