{"stats":{"minecraft:killed_by":{"jujutsucraft:cursed_spirit_grade_16":1,"jujutsucraft:cursed_spirit_grade_05":3,"jujutsucraft:uraume":1,"jujutsucraft:cursed_spirit_grade_22":3,"jujutsucraft:cursed_spirit_grade_18":1,"jujutsucraft:cursed_spirit_grade_06":1},"minecraft:mined":{"minecraft:birch_slab":1,"minecraft:spruce_leaves":2,"minecraft:large_fern":1,"minecraft:birch_planks":1,"minecraft:spruce_log":2,"minecraft:oak_leaves":2},"minecraft:killed":{"jujutsucraft:mimiko":2,"jujutsucraft:cursed_spirit_grade_32":8,"jujutsucraft:cursed_spirit_grade_210":2,"jujutsucraft:cursed_spirit_grade_21":1,"jujutsucraft:cursed_spirit_grade_31":1,"jujutsucraft:cursed_spirit_grade_33":1,"jujutsucraft:cursed_spirit_grade_213":1,"jujutsucraft:cursed_spirit_grade_35":4,"jujutsucraft:cursed_spirit_grade_318":6,"jujutsucraft:curse_user_1":2,"jujutsucraft:cursed_spirit_grade_316":3,"jujutsucraft:cursed_spirit_grade_26":1,"jujutsucraft:cursed_spirit_grade_22":1,"jujutsucraft:curse_user":6,"jujutsucraft:transfigured_human_2":1,"jujutsucraft:cursed_spirit_grade_321":3,"jujutsucraft:cursed_spirit_grade_28":1,"jujutsucraft:cursed_spirit_grade_39":7,"jujutsucraft:shigemo_haruta":1,"jujutsucraft:cursed_spirit_grade_314":9,"jujutsucraft:cursed_spirit_grade_313":5,"jujutsucraft:cursed_spirit_grade_215":1,"jujutsucraft:crow":1,"jujutsucraft:cursed_spirit_grade_311":3,"jujutsucraft:cursed_spirit_grade_310":2,"minecraft:chicken":1,"jujutsucraft:kechizu":2,"jujutsucraft:cursed_spirit_grade_18":1,"jujutsucraft:cursed_spirit_grade_16":1,"jujutsucraft:cursed_spirit_grade_36":2,"jujutsucraft:cursed_spirit_grade_25":1,"jujutsucraft:cursed_spirit_grade_214":1,"jujutsucraft:cursed_spirit_grade_317":4,"jujutsucraft:cursed_spirit_grade_38":2,"jujutsucraft:cursed_spirit_grade_34":7,"jujutsucraft:cursed_spirit_grade_319":3,"jujutsucraft:cursed_spirit_grade_322":5,"jujutsucraft:q":2,"jujutsucraft:gravestone_3":5},"minecraft:used":{"jujutsucraft:uniform_itadori_chestplate":1,"jujutsucraft:garuda_item":5,"jujutsucraft:uniform_normal_boots":1,"minecraft:dirt":1,"minecraft:black_bed":1,"minecraft:grass_block":1,"jujutsucraft:uniform_itadori_leggings":1,"jujutsucraft:uniform_q_helmet":1},"minecraft:picked_up":{"minecraft:spruce_leaves":3,"minecraft:feather":6,"minecraft:chicken":4,"jujutsucraft:uniform_gojo_boots":1,"minecraft:ladder":1,"minecraft:birch_slab":1,"minecraft:birch_planks":1,"minecraft:dirt":3,"minecraft:snow":3,"minecraft:item_frame":3,"jujutsucraft:garuda_item":2,"minecraft:wheat_seeds":1,"minecraft:cobbled_deepslate":1,"minecraft:cobweb":5,"jujutsucraft:sword_miwa_kasumi":2,"minecraft:mangrove_planks":1,"minecraft:sandstone":1,"minecraft:stone":2,"minecraft:torch":3,"minecraft:spruce_sapling":1,"minecraft:spruce_log":2,"minecraft:grass_block":5,"minecraft:bamboo_trapdoor":1,"minecraft:grass":3,"jujutsucraft:uniform_q_helmet":1,"minecraft:oak_leaves":1},"minecraft:dropped":{"minecraft:wheat_seeds":1,"jujutsucraft:sword_miwa_kasumi":1,"jujutsucraft:garuda_item":1},"minecraft:custom":{"minecraft:inspect_dropper":5,"minecraft:mob_kills":120,"minecraft:damage_dealt_resisted":35261,"minecraft:leave_game":2,"minecraft:time_since_death":21438,"minecraft:sleep_in_bed":2,"minecraft:climb_one_cm":8885,"minecraft:damage_resisted":14335,"minecraft:time_since_rest":545,"minecraft:sprint_one_cm":862147,"minecraft:damage_taken":9732,"minecraft:walk_one_cm":190411,"minecraft:trigger_trapped_chest":1,"minecraft:drop":3,"minecraft:swim_one_cm":16091,"minecraft:talked_to_villager":1,"minecraft:fly_one_cm":955503,"minecraft:open_chest":2,"minecraft:crouch_one_cm":1329,"minecraft:play_time":67804,"minecraft:deaths":14,"minecraft:sneak_time":63,"minecraft:walk_under_water_one_cm":1952,"minecraft:jump":1696,"minecraft:walk_on_water_one_cm":14563,"minecraft:total_world_time":67804,"minecraft:fall_one_cm":236445}},"DataVersion":3465}