{"stats":{"minecraft:killed_by":{"jujutsucraft:cursed_spirit_grade_18":1,"jujutsucraft:cursed_spirit_grade_16":1,"jujutsucraft:cursed_spirit_grade_05":3,"jujutsucraft:uraume":1,"jujutsucraft:cursed_spirit_grade_22":3},"minecraft:killed":{"jujutsucraft:mimiko":2,"jujutsucraft:cursed_spirit_grade_32":5,"jujutsucraft:cursed_spirit_grade_28":1,"jujutsucraft:cursed_spirit_grade_21":1,"jujutsucraft:cursed_spirit_grade_210":2,"jujutsucraft:cursed_spirit_grade_39":5,"jujutsucraft:cursed_spirit_grade_31":1,"jujutsucraft:shigemo_haruta":1,"jujutsucraft:cursed_spirit_grade_33":1,"jujutsucraft:cursed_spirit_grade_313":3,"jujutsucraft:cursed_spirit_grade_314":9,"jujutsucraft:cursed_spirit_grade_311":2,"jujutsucraft:cursed_spirit_grade_310":2,"minecraft:chicken":1,"jujutsucraft:kechizu":1,"jujutsucraft:cursed_spirit_grade_18":1,"jujutsucraft:cursed_spirit_grade_16":1,"jujutsucraft:cursed_spirit_grade_36":1,"jujutsucraft:cursed_spirit_grade_214":1,"jujutsucraft:cursed_spirit_grade_25":1,"jujutsucraft:cursed_spirit_grade_35":3,"jujutsucraft:cursed_spirit_grade_26":1,"jujutsucraft:cursed_spirit_grade_316":2,"jujutsucraft:cursed_spirit_grade_318":4,"jujutsucraft:cursed_spirit_grade_38":2,"jujutsucraft:curse_user_1":1,"jujutsucraft:cursed_spirit_grade_34":7,"jujutsucraft:transfigured_human_2":1,"jujutsucraft:cursed_spirit_grade_319":3,"jujutsucraft:curse_user":6,"jujutsucraft:cursed_spirit_grade_322":5,"jujutsucraft:q":1,"jujutsucraft:cursed_spirit_grade_321":1,"jujutsucraft:gravestone_3":5},"minecraft:used":{"jujutsucraft:uniform_itadori_chestplate":1,"minecraft:grass_block":1,"jujutsucraft:uniform_itadori_leggings":1,"jujutsucraft:uniform_q_helmet":1,"jujutsucraft:uniform_normal_boots":1,"minecraft:dirt":1},"minecraft:picked_up":{"jujutsucraft:uniform_gojo_boots":1,"minecraft:stone":2,"minecraft:feather":1,"minecraft:chicken":1,"minecraft:torch":3,"minecraft:grass_block":3,"minecraft:dirt":3,"minecraft:item_frame":3,"minecraft:bamboo_trapdoor":1,"jujutsucraft:garuda_item":2,"minecraft:cobbled_deepslate":1,"minecraft:wheat_seeds":1,"minecraft:cobweb":5,"minecraft:grass":1,"minecraft:mangrove_planks":1,"jujutsucraft:uniform_q_helmet":1},"minecraft:dropped":{"minecraft:wheat_seeds":1,"jujutsucraft:garuda_item":1},"minecraft:custom":{"minecraft:time_since_rest":7760,"minecraft:inspect_dropper":5,"minecraft:sprint_one_cm":635935,"minecraft:walk_one_cm":106268,"minecraft:damage_taken":7883,"minecraft:trigger_trapped_chest":1,"minecraft:mob_kills":93,"minecraft:drop":2,"minecraft:swim_one_cm":10115,"minecraft:talked_to_villager":1,"minecraft:fly_one_cm":603724,"minecraft:open_chest":2,"minecraft:play_time":40226,"minecraft:sneak_time":22,"minecraft:walk_under_water_one_cm":406,"minecraft:deaths":13,"minecraft:jump":913,"minecraft:damage_dealt_resisted":25956,"minecraft:leave_game":1,"minecraft:walk_on_water_one_cm":3555,"minecraft:time_since_death":7732,"minecraft:sleep_in_bed":1,"minecraft:climb_one_cm":3086,"minecraft:total_world_time":40226,"minecraft:damage_resisted":9281,"minecraft:fall_one_cm":115931}},"DataVersion":3465}