{"stats":{"minecraft:killed_by":{"jujutsucraft:cursed_spirit_grade_16":1,"jujutsucraft:cursed_spirit_grade_22":1},"minecraft:killed":{"jujutsucraft:mimiko":2,"jujutsucraft:cursed_spirit_grade_32":3,"jujutsucraft:cursed_spirit_grade_39":3,"jujutsucraft:shigemo_haruta":1,"jujutsucraft:cursed_spirit_grade_33":1,"jujutsucraft:cursed_spirit_grade_314":3,"jujutsucraft:cursed_spirit_grade_311":1,"jujutsucraft:cursed_spirit_grade_310":1,"minecraft:chicken":1,"jujutsucraft:cursed_spirit_grade_16":1,"jujutsucraft:cursed_spirit_grade_36":1,"jujutsucraft:cursed_spirit_grade_35":2,"jujutsucraft:cursed_spirit_grade_316":1,"jujutsucraft:cursed_spirit_grade_318":1,"jujutsucraft:cursed_spirit_grade_38":1,"jujutsucraft:curse_user_1":1,"jujutsucraft:cursed_spirit_grade_34":3,"jujutsucraft:cursed_spirit_grade_319":3,"jujutsucraft:curse_user":4,"jujutsucraft:cursed_spirit_grade_322":5,"jujutsucraft:q":1},"minecraft:used":{"jujutsucraft:uniform_itadori_chestplate":1,"minecraft:grass_block":1,"jujutsucraft:uniform_itadori_leggings":1,"jujutsucraft:uniform_q_helmet":1,"jujutsucraft:uniform_normal_boots":1,"minecraft:dirt":1},"minecraft:picked_up":{"minecraft:feather":1,"minecraft:chicken":1,"minecraft:torch":2,"minecraft:grass_block":3,"minecraft:dirt":1,"jujutsucraft:garuda_item":2,"minecraft:wheat_seeds":1,"minecraft:grass":1,"jujutsucraft:uniform_q_helmet":1},"minecraft:dropped":{"minecraft:wheat_seeds":1,"jujutsucraft:garuda_item":1},"minecraft:custom":{"minecraft:time_since_rest":6257,"minecraft:inspect_dropper":5,"minecraft:sprint_one_cm":100926,"minecraft:walk_one_cm":39046,"minecraft:damage_taken":3616,"minecraft:mob_kills":40,"minecraft:drop":2,"minecraft:talked_to_villager":1,"minecraft:fly_one_cm":275438,"minecraft:open_chest":2,"minecraft:play_time":16226,"minecraft:deaths":6,"minecraft:jump":446,"minecraft:damage_dealt_resisted":7177,"minecraft:leave_game":1,"minecraft:time_since_death":8431,"minecraft:sleep_in_bed":1,"minecraft:climb_one_cm":1707,"minecraft:total_world_time":16226,"minecraft:damage_resisted":2865,"minecraft:fall_one_cm":51367}},"DataVersion":3465}