{"stats":{"minecraft:killed_by":{"jujutsucraft:cursed_spirit_grade_16":1,"jujutsucraft:cursed_spirit_grade_05":3,"jujutsucraft:uraume":1,"jujutsucraft:cursed_spirit_grade_22":3,"jujutsucraft:cursed_spirit_grade_18":1,"jujutsucraft:cursed_spirit_grade_06":1},"minecraft:mined":{"minecraft:birch_slab":1,"minecraft:birch_planks":1,"minecraft:spruce_log":2},"minecraft:killed":{"jujutsucraft:mimiko":2,"jujutsucraft:cursed_spirit_grade_32":8,"jujutsucraft:cursed_spirit_grade_210":2,"jujutsucraft:cursed_spirit_grade_21":1,"jujutsucraft:cursed_spirit_grade_31":1,"jujutsucraft:cursed_spirit_grade_33":1,"jujutsucraft:cursed_spirit_grade_213":1,"jujutsucraft:cursed_spirit_grade_35":3,"jujutsucraft:cursed_spirit_grade_318":6,"jujutsucraft:curse_user_1":2,"jujutsucraft:cursed_spirit_grade_316":3,"jujutsucraft:cursed_spirit_grade_26":1,"jujutsucraft:curse_user":6,"jujutsucraft:transfigured_human_2":1,"jujutsucraft:cursed_spirit_grade_321":2,"jujutsucraft:cursed_spirit_grade_28":1,"jujutsucraft:cursed_spirit_grade_39":7,"jujutsucraft:shigemo_haruta":1,"jujutsucraft:cursed_spirit_grade_314":9,"jujutsucraft:cursed_spirit_grade_313":3,"jujutsucraft:cursed_spirit_grade_215":1,"jujutsucraft:crow":1,"jujutsucraft:cursed_spirit_grade_311":3,"jujutsucraft:cursed_spirit_grade_310":2,"minecraft:chicken":1,"jujutsucraft:kechizu":1,"jujutsucraft:cursed_spirit_grade_18":1,"jujutsucraft:cursed_spirit_grade_16":1,"jujutsucraft:cursed_spirit_grade_36":2,"jujutsucraft:cursed_spirit_grade_25":1,"jujutsucraft:cursed_spirit_grade_214":1,"jujutsucraft:cursed_spirit_grade_317":4,"jujutsucraft:cursed_spirit_grade_38":2,"jujutsucraft:cursed_spirit_grade_34":7,"jujutsucraft:cursed_spirit_grade_319":3,"jujutsucraft:cursed_spirit_grade_322":5,"jujutsucraft:q":1,"jujutsucraft:gravestone_3":5},"minecraft:used":{"jujutsucraft:uniform_itadori_chestplate":1,"jujutsucraft:uniform_normal_boots":1,"minecraft:dirt":1,"minecraft:grass_block":1,"jujutsucraft:uniform_itadori_leggings":1,"jujutsucraft:uniform_q_helmet":1},"minecraft:picked_up":{"minecraft:feather":1,"minecraft:chicken":1,"jujutsucraft:uniform_gojo_boots":1,"minecraft:ladder":1,"minecraft:birch_slab":1,"minecraft:birch_planks":1,"minecraft:dirt":3,"minecraft:item_frame":3,"jujutsucraft:garuda_item":2,"minecraft:wheat_seeds":1,"minecraft:cobbled_deepslate":1,"minecraft:cobweb":5,"minecraft:mangrove_planks":1,"minecraft:sandstone":1,"minecraft:stone":2,"minecraft:torch":3,"minecraft:spruce_log":2,"minecraft:grass_block":4,"minecraft:bamboo_trapdoor":1,"minecraft:grass":3,"jujutsucraft:uniform_q_helmet":1,"minecraft:oak_leaves":1},"minecraft:dropped":{"minecraft:wheat_seeds":1,"jujutsucraft:garuda_item":1},"minecraft:custom":{"minecraft:inspect_dropper":5,"minecraft:mob_kills":113,"minecraft:damage_dealt_resisted":30839,"minecraft:leave_game":1,"minecraft:time_since_death":5860,"minecraft:sleep_in_bed":1,"minecraft:climb_one_cm":7752,"minecraft:damage_resisted":10693,"minecraft:time_since_rest":5898,"minecraft:sprint_one_cm":746006,"minecraft:damage_taken":8824,"minecraft:walk_one_cm":132316,"minecraft:trigger_trapped_chest":1,"minecraft:drop":2,"minecraft:swim_one_cm":12215,"minecraft:talked_to_villager":1,"minecraft:fly_one_cm":771340,"minecraft:open_chest":2,"minecraft:crouch_one_cm":1329,"minecraft:play_time":52226,"minecraft:deaths":14,"minecraft:sneak_time":48,"minecraft:walk_under_water_one_cm":935,"minecraft:jump":1261,"minecraft:walk_on_water_one_cm":7522,"minecraft:total_world_time":52226,"minecraft:fall_one_cm":172324}},"DataVersion":3465}