{"stats":{"minecraft:killed_by":{"jujutsucraft:cursed_spirit_grade_25":1,"jujutsucraft:cursed_spirit_grade_24":1,"jujutsucraft:cursed_spirit_grade_01":1,"jujutsucraft:cursed_spirit_grade_16":1,"jujutsucraft:cursed_spirit_grade_12":1,"jujutsucraft:cursed_spirit_grade_05":2,"jujutsucraft:cursed_spirit_grade_03":1,"jujutsucraft:cursed_spirit_grade_22":1,"jujutsucraft:rozetsu":1,"jujutsucraft:jogo":1,"jujutsucraft:uraume":1,"jujutsucraft:q":1},"minecraft:mined":{"minecraft:white_bed":4,"minecraft:light_gray_stained_glass_pane":3,"minecraft:grass_block":3,"minecraft:black_stained_glass_pane":1,"minecraft:stone":13,"minecraft:glass_pane":1,"minecraft:crafting_table":1,"minecraft:white_stained_glass_pane":1,"minecraft:oak_planks":1,"minecraft:oak_log":6,"minecraft:coal_ore":7,"minecraft:dirt":1,"minecraft:oak_leaves":3},"minecraft:killed":{"jujutsucraft:mimiko":1,"jujutsucraft:cursed_spirit_grade_32":11,"jujutsucraft:cursed_spirit_grade_31":2,"jujutsucraft:transfigured_human_3":6,"jujutsucraft:cursed_spirit_grade_21":3,"jujutsucraft:cursed_spirit_grade_33":13,"jujutsucraft:stevenson_screen":2,"jujutsucraft:cursed_spirit_grade_11":1,"jujutsucraft:charles_bernard":2,"jujutsucraft:cursed_spirit_grade_12":1,"jujutsucraft:cursed_spirit_grade_24":3,"jujutsucraft:cursed_spirit_grade_37":1,"jujutsucraft:cursed_spirit_grade_35":3,"jujutsucraft:yoshino_junpei":2,"jujutsucraft:cursed_spirit_grade_318":7,"jujutsucraft:cursed_spirit_grade_26":1,"jujutsucraft:cursed_spirit_grade_316":4,"jujutsucraft:kumiya_juzo":2,"jujutsucraft:transfigured_human_2":2,"jujutsucraft:cursed_spirit_grade_03":1,"jujutsucraft:miwa_kasumi":1,"minecraft:horse":1,"jujutsucraft:cursed_spirit_grade_39":24,"jujutsucraft:fox_fire":5,"jujutsucraft:cursed_spirit_grade_312":8,"jujutsucraft:cursed_spirit_grade_313":5,"jujutsucraft:cursed_spirit_grade_215":1,"jujutsucraft:cursed_spirit_grade_15":1,"jujutsucraft:cursed_spirit_grade_16":2,"jujutsucraft:cursed_spirit_grade_214":2,"jujutsucraft:cursed_spirit_grade_317":20,"jujutsucraft:cursed_spirit_grade_38":5,"jujutsucraft:cursed_spirit_grade_34":19,"jujutsucraft:nobara_kugisaki":1,"jujutsucraft:mei_mei":1,"jujutsucraft:hazenoki":1,"jujutsucraft:uraume":1,"jujutsucraft:kukuru":3,"jujutsucraft:ice_spear_2":14,"jujutsucraft:jujutsu_sorcerer":4,"jujutsucraft:nishimiya_momo":1,"jujutsucraft:cursed_spirit_grade_213":2,"jujutsucraft:awasaka_jiro":1,"jujutsucraft:zenin_jinichi":1,"jujutsucraft:curse_user_1":3,"jujutsucraft:cursed_spirit_grade_211":1,"jujutsucraft:curse_user":9,"minecraft:squid":1,"jujutsucraft:cursed_spirit_grade_321":10,"minecraft:sheep":2,"jujutsucraft:cursed_spirit_grade_29":4,"jujutsucraft:cursed_spirit_grade_314":24,"jujutsucraft:cursed_spirit_grade_311":3,"jujutsucraft:cursed_spirit_grade_310":13,"jujutsucraft:negi_toshihisa":1,"jujutsucraft:cursed_spirit_grade_36":13,"jujutsucraft:cursed_spirit_grade_25":3,"jujutsucraft:cursed_spirit_grade_315":8,"jujutsucraft:cursed_spirit_grade_212":1,"jujutsucraft:cursed_spirit_grade_319":15,"jujutsucraft:cursed_spirit_grade_322":7,"jujutsucraft:ice_spear":7,"minecraft:villager":6,"jujutsucraft:q":1,"minecraft:cow":1,"jujutsucraft:gravestone_3":3,"jujutsucraft:ogami":1},"minecraft:used":{"jujutsucraft:garuda_item":7,"minecraft:dirt":1,"minecraft:grass_block":1,"jujutsucraft:garuda_item_ball":3,"minecraft:leather_leggings":1,"minecraft:stone_pickaxe":18,"minecraft:oak_planks":5,"minecraft:wooden_pickaxe":3,"jujutsucraft:uniform_normal_boots":1,"minecraft:crafting_table":1,"minecraft:white_bed":2,"jujutsucraft:uniform_normal_chestplate":1,"minecraft:leather_helmet":1,"minecraft:cobblestone":3,"jujutsucraft:uniform_normal_leggings":1,"minecraft:turtle_helmet":1},"minecraft:picked_up":{"minecraft:crafting_table":1,"minecraft:turtle_helmet":1,"minecraft:leather_leggings":2,"minecraft:snow":17,"minecraft:armor_stand":1,"minecraft:item_frame":6,"minecraft:glass_pane":1,"minecraft:azalea":1,"minecraft:spruce_slab":1,"minecraft:stone":2,"minecraft:torch":1,"minecraft:spruce_fence":1,"minecraft:snow_block":1,"minecraft:vine":3,"minecraft:brown_carpet":1,"jujutsucraft:naginata":1,"minecraft:mangrove_door":1,"minecraft:cobblestone":13,"jujutsucraft:uniform_gojo_boots":1,"minecraft:leather":3,"jujutsucraft:sukuna_finger":1,"minecraft:oak_log":6,"minecraft:dirt":11,"jujutsucraft:uniform_normal_leggings":1,"minecraft:red_carpet":1,"minecraft:bone":1,"minecraft:stone_bricks":1,"jujutsucraft:garuda_item":2,"minecraft:dark_oak_sign":1,"minecraft:cobweb":7,"jujutsucraft:sword_miwa_kasumi":1,"jujutsucraft:clothes_miguel_leggings":1,"jujutsucraft:nyoi_staff":1,"minecraft:glow_lichen":1,"minecraft:gravel":2,"minecraft:sand":2,"minecraft:stripped_spruce_log":1,"minecraft:spruce_sapling":1,"minecraft:white_bed":4,"minecraft:grass_block":1,"minecraft:painting":5,"minecraft:coal":7},"minecraft:dropped":{"minecraft:vine":3,"minecraft:item_frame":6,"minecraft:cobweb":7,"minecraft:dirt":10,"jujutsucraft:mei_mei_axe":1,"minecraft:sand":2,"minecraft:spruce_sapling":1,"minecraft:armor_stand":1,"minecraft:bone":1,"minecraft:snow_block":1,"minecraft:gravel":2,"jujutsucraft:uniform_gojo_boots":1,"jujutsucraft:uniform_normal_leggings":2,"jujutsucraft:sword_miwa_kasumi":1,"minecraft:dark_oak_sign":1,"minecraft:mangrove_door":1,"jujutsucraft:garuda_item":4,"minecraft:glass_pane":1,"jujutsucraft:uniform_normal_chestplate":1,"minecraft:snow":8,"minecraft:stone":2,"minecraft:azalea":1,"minecraft:stone_bricks":1,"minecraft:painting":5,"minecraft:spruce_slab":1},"minecraft:custom":{"minecraft:mob_kills":345,"minecraft:interact_with_crafting_table":2,"minecraft:damage_dealt_resisted":142416,"minecraft:leave_game":3,"minecraft:time_since_death":14579,"minecraft:climb_one_cm":1718,"minecraft:damage_resisted":15831,"minecraft:sprint_one_cm":904564,"minecraft:walk_one_cm":370525,"minecraft:drop":34,"minecraft:talked_to_villager":5,"minecraft:play_time":95135,"minecraft:deaths":15,"minecraft:sneak_time":49,"minecraft:walk_under_water_one_cm":10092,"minecraft:jump":2112,"minecraft:walk_on_water_one_cm":24924,"minecraft:total_world_time":95135,"minecraft:sleep_in_bed":2,"minecraft:time_since_rest":14636,"minecraft:damage_taken":10656,"minecraft:trigger_trapped_chest":1,"minecraft:damage_dealt":86,"minecraft:swim_one_cm":9111,"minecraft:fly_one_cm":868844,"minecraft:open_chest":16,"minecraft:crouch_one_cm":37,"minecraft:fall_one_cm":92509},"minecraft:crafted":{"minecraft:oak_planks":24,"minecraft:stone_pickaxe":1,"minecraft:crafting_table":1,"minecraft:wooden_pickaxe":1,"minecraft:stick":4}},"DataVersion":3465}