{"stats":{"minecraft:killed_by":{"jujutsucraft:cursed_spirit_grade_25":1,"jujutsucraft:cursed_spirit_grade_24":1,"jujutsucraft:cursed_spirit_grade_01":1,"jujutsucraft:cursed_spirit_grade_16":1,"jujutsucraft:cursed_spirit_grade_12":1,"jujutsucraft:cursed_spirit_grade_05":2,"jujutsucraft:cursed_spirit_grade_03":1,"jujutsucraft:cursed_spirit_grade_22":1,"jujutsucraft:zenin_naoya_cursed_spirit_3":1,"jujutsucraft:fushiguro_toji_bug":1,"jujutsucraft:rozetsu":1,"jujutsucraft:jogo":1,"jujutsucraft:uraume":1,"jujutsucraft:q":1},"minecraft:mined":{"minecraft:diamond_ore":9,"minecraft:white_bed":4,"minecraft:light_gray_stained_glass_pane":3,"minecraft:grass_block":3,"minecraft:black_stained_glass_pane":1,"minecraft:furnace":1,"minecraft:iron_ore":8,"minecraft:andesite":1,"minecraft:stone":27,"minecraft:glass_pane":1,"minecraft:crafting_table":2,"minecraft:white_stained_glass_pane":1,"minecraft:oak_planks":1,"minecraft:grass":1,"minecraft:oak_log":6,"minecraft:coal_ore":7,"minecraft:dirt":1,"minecraft:oak_leaves":3},"minecraft:killed":{"jujutsucraft:mimiko":1,"jujutsucraft:cursed_spirit_grade_32":11,"jujutsucraft:cursed_spirit_grade_31":2,"jujutsucraft:transfigured_human_3":6,"jujutsucraft:cursed_spirit_grade_21":5,"jujutsucraft:cursed_spirit_grade_33":14,"jujutsucraft:stevenson_screen":2,"jujutsucraft:daido_hagane":1,"jujutsucraft:cursed_spirit_grade_11":1,"jujutsucraft:charles_bernard":2,"jujutsucraft:zenin_naoya":1,"jujutsucraft:cursed_spirit_grade_24":3,"jujutsucraft:cursed_spirit_grade_12":1,"jujutsucraft:fushiguro_megumi_shibuya":1,"jujutsucraft:cursed_spirit_grade_37":1,"jujutsucraft:cursed_spirit_grade_35":3,"jujutsucraft:yoshino_junpei":2,"jujutsucraft:cursed_spirit_grade_318":7,"jujutsucraft:cursed_spirit_grade_26":1,"jujutsucraft:cursed_spirit_grade_316":4,"jujutsucraft:kumiya_juzo":3,"jujutsucraft:cursed_spirit_grade_22":1,"jujutsucraft:transfigured_human_2":2,"jujutsucraft:cursed_spirit_grade_03":1,"jujutsucraft:miwa_kasumi":1,"minecraft:horse":1,"jujutsucraft:cursed_spirit_grade_39":26,"jujutsucraft:fox_fire":5,"jujutsucraft:cursed_spirit_grade_312":8,"jujutsucraft:cursed_spirit_grade_313":5,"jujutsucraft:cursed_spirit_grade_215":1,"jujutsucraft:cursed_spirit_grade_15":2,"jujutsucraft:cursed_spirit_grade_16":2,"jujutsucraft:fist":1,"jujutsucraft:cursed_spirit_grade_214":2,"jujutsucraft:cursed_spirit_grade_317":21,"jujutsucraft:cursed_spirit_grade_38":5,"jujutsucraft:cursed_spirit_grade_34":19,"jujutsucraft:higuruma_hiromi":1,"jujutsucraft:nobara_kugisaki":1,"jujutsucraft:mei_mei":1,"jujutsucraft:hazenoki":1,"jujutsucraft:uraume":1,"jujutsucraft:kukuru":3,"jujutsucraft:ice_spear_2":14,"jujutsucraft:jujutsu_sorcerer":5,"jujutsucraft:nishimiya_momo":1,"jujutsucraft:itadori_yuji_shinjuku":1,"jujutsucraft:cursed_spirit_grade_213":2,"jujutsucraft:awasaka_jiro":1,"jujutsucraft:zenin_jinichi":3,"minecraft:bat":4,"jujutsucraft:curse_user_1":5,"jujutsucraft:cursed_spirit_grade_211":1,"jujutsucraft:curse_user":9,"jujutsucraft:itadori_yuji":1,"minecraft:squid":1,"jujutsucraft:cursed_spirit_grade_321":10,"minecraft:sheep":2,"jujutsucraft:cursed_spirit_grade_29":4,"jujutsucraft:cursed_spirit_grade_314":27,"jujutsucraft:cursed_spirit_grade_311":3,"jujutsucraft:cursed_spirit_grade_310":14,"jujutsucraft:negi_toshihisa":1,"jujutsucraft:cursed_spirit_grade_36":16,"jujutsucraft:cursed_spirit_grade_25":3,"jujutsucraft:cursed_spirit_grade_315":11,"jujutsucraft:cursed_spirit_grade_212":1,"jujutsucraft:cursed_spirit_grade_319":16,"jujutsucraft:cursed_spirit_grade_322":7,"jujutsucraft:ice_spear":7,"minecraft:villager":6,"jujutsucraft:q":1,"minecraft:cow":1,"jujutsucraft:gravestone_3":3,"jujutsucraft:ogami":1},"minecraft:used":{"jujutsucraft:garuda_item":7,"minecraft:dirt":3,"minecraft:stripped_spruce_log":1,"minecraft:grass_block":1,"minecraft:furnace":1,"minecraft:diorite":2,"minecraft:leather_leggings":1,"jujutsucraft:garuda_item_ball":3,"minecraft:stone_pickaxe":29,"minecraft:oak_planks":5,"minecraft:wooden_pickaxe":3,"jujutsucraft:uniform_normal_boots":1,"minecraft:crafting_table":2,"minecraft:white_bed":2,"jujutsucraft:uniform_normal_chestplate":1,"minecraft:iron_pickaxe":23,"minecraft:leather_helmet":1,"jujutsucraft:naginata":1,"minecraft:cobblestone":12,"jujutsucraft:uniform_normal_leggings":1,"minecraft:turtle_helmet":1,"minecraft:andesite":1},"minecraft:picked_up":{"minecraft:crafting_table":2,"minecraft:leather_leggings":2,"minecraft:turtle_helmet":1,"minecraft:packed_ice":4,"minecraft:snow":18,"minecraft:armor_stand":1,"minecraft:item_frame":6,"minecraft:glass_pane":1,"minecraft:azalea":1,"minecraft:spruce_slab":1,"minecraft:furnace":1,"minecraft:raw_iron":8,"minecraft:stone":5,"minecraft:torch":1,"minecraft:spruce_fence":1,"minecraft:snow_block":1,"minecraft:diorite":2,"minecraft:vine":3,"minecraft:brown_carpet":1,"jujutsucraft:naginata":1,"minecraft:mangrove_door":1,"minecraft:cobblestone":26,"jujutsucraft:uniform_gojo_boots":1,"minecraft:andesite":1,"minecraft:leather":3,"jujutsucraft:sukuna_finger":1,"minecraft:oak_log":6,"minecraft:dirt":18,"jujutsucraft:uniform_normal_leggings":1,"minecraft:red_carpet":1,"minecraft:bone":1,"minecraft:stone_bricks":1,"jujutsucraft:garuda_item":2,"minecraft:iron_ingot":3,"minecraft:dark_oak_sign":1,"minecraft:cobweb":7,"jujutsucraft:sword_miwa_kasumi":1,"jujutsucraft:clothes_miguel_leggings":1,"jujutsucraft:uniform_itadori_leggings":1,"minecraft:glow_lichen":1,"jujutsucraft:nyoi_staff":1,"minecraft:gravel":2,"minecraft:sand":2,"minecraft:stripped_spruce_log":1,"minecraft:spruce_sapling":1,"minecraft:ink_sac":1,"minecraft:white_bed":4,"minecraft:grass_block":1,"minecraft:diamond":9,"minecraft:painting":5,"minecraft:grass":1,"minecraft:coal":13},"minecraft:dropped":{"minecraft:vine":3,"jujutsucraft:uniform_itadori_leggings":1,"minecraft:book":1,"minecraft:red_carpet":1,"minecraft:item_frame":6,"minecraft:cobweb":7,"minecraft:dirt":10,"minecraft:packed_ice":4,"minecraft:ink_sac":1,"jujutsucraft:mei_mei_axe":1,"minecraft:sand":2,"minecraft:spruce_sapling":1,"minecraft:armor_stand":1,"minecraft:bone":1,"minecraft:snow_block":1,"minecraft:gravel":2,"jujutsucraft:nyoi_staff":1,"jujutsucraft:uniform_gojo_boots":1,"jujutsucraft:uniform_normal_leggings":2,"minecraft:dark_oak_sign":1,"jujutsucraft:sword_miwa_kasumi":1,"minecraft:mangrove_door":1,"minecraft:glow_lichen":1,"jujutsucraft:garuda_item":4,"minecraft:spruce_fence":1,"minecraft:glass_pane":1,"jujutsucraft:uniform_normal_chestplate":1,"minecraft:snow":18,"jujutsucraft:clothes_miguel_leggings":1,"minecraft:stone":2,"minecraft:azalea":1,"minecraft:stone_bricks":1,"minecraft:brown_carpet":1,"minecraft:painting":5,"minecraft:spruce_slab":1},"minecraft:custom":{"minecraft:mob_kills":382,"minecraft:interact_with_crafting_table":7,"minecraft:damage_dealt_resisted":198543,"minecraft:leave_game":4,"minecraft:time_since_death":995,"minecraft:climb_one_cm":1718,"minecraft:damage_resisted":24718,"minecraft:sprint_one_cm":993946,"minecraft:walk_one_cm":426160,"minecraft:drop":46,"minecraft:talked_to_villager":5,"minecraft:play_time":114976,"minecraft:deaths":17,"minecraft:sneak_time":49,"minecraft:walk_under_water_one_cm":23170,"minecraft:jump":2477,"minecraft:walk_on_water_one_cm":75417,"minecraft:total_world_time":114976,"minecraft:interact_with_furnace":5,"minecraft:sleep_in_bed":2,"minecraft:time_since_rest":1031,"minecraft:damage_taken":13162,"minecraft:trigger_trapped_chest":1,"minecraft:damage_dealt":86,"minecraft:swim_one_cm":23514,"minecraft:fly_one_cm":1073423,"minecraft:open_chest":16,"minecraft:crouch_one_cm":37,"minecraft:fall_one_cm":115552},"minecraft:crafted":{"minecraft:oak_planks":24,"minecraft:furnace":1,"minecraft:stone_pickaxe":1,"minecraft:crafting_table":1,"minecraft:wooden_pickaxe":1,"minecraft:air":0,"minecraft:stick":8,"minecraft:iron_ingot":3,"minecraft:iron_pickaxe":1}},"DataVersion":3465}