{"stats":{"minecraft:killed_by":{"jujutsucraft:cursed_spirit_grade_25":1,"jujutsucraft:cursed_spirit_grade_01":1,"jujutsucraft:cursed_spirit_grade_24":1,"jujutsucraft:cursed_spirit_grade_16":1,"jujutsucraft:cursed_spirit_grade_05":2,"jujutsucraft:cursed_spirit_grade_12":1,"jujutsucraft:jogo":1,"jujutsucraft:uraume":1,"jujutsucraft:cursed_spirit_grade_03":1,"jujutsucraft:cursed_spirit_grade_22":1,"jujutsucraft:q":1,"jujutsucraft:rozetsu":1},"minecraft:mined":{"minecraft:white_bed":3,"minecraft:glass_pane":1,"minecraft:light_gray_stained_glass_pane":3,"minecraft:crafting_table":1,"minecraft:grass_block":3,"minecraft:white_stained_glass_pane":1,"minecraft:oak_planks":1,"minecraft:black_stained_glass_pane":1,"minecraft:coal_ore":7,"minecraft:oak_log":6,"minecraft:dirt":1,"minecraft:stone":13,"minecraft:oak_leaves":3},"minecraft:killed":{"jujutsucraft:mimiko":1,"jujutsucraft:cursed_spirit_grade_32":11,"jujutsucraft:transfigured_human_3":5,"jujutsucraft:cursed_spirit_grade_21":3,"jujutsucraft:cursed_spirit_grade_31":2,"jujutsucraft:cursed_spirit_grade_33":13,"jujutsucraft:stevenson_screen":1,"jujutsucraft:kukuru":3,"jujutsucraft:ice_spear_2":7,"jujutsucraft:cursed_spirit_grade_11":1,"jujutsucraft:jujutsu_sorcerer":3,"jujutsucraft:charles_bernard":1,"jujutsucraft:nishimiya_momo":1,"jujutsucraft:cursed_spirit_grade_24":3,"jujutsucraft:cursed_spirit_grade_12":1,"jujutsucraft:cursed_spirit_grade_213":2,"jujutsucraft:zenin_jinichi":1,"jujutsucraft:cursed_spirit_grade_37":1,"jujutsucraft:cursed_spirit_grade_35":3,"jujutsucraft:yoshino_junpei":1,"jujutsucraft:cursed_spirit_grade_318":7,"jujutsucraft:curse_user_1":3,"jujutsucraft:cursed_spirit_grade_316":4,"jujutsucraft:cursed_spirit_grade_26":1,"jujutsucraft:curse_user":8,"jujutsucraft:kumiya_juzo":2,"jujutsucraft:transfigured_human_2":2,"jujutsucraft:cursed_spirit_grade_03":1,"minecraft:squid":1,"jujutsucraft:cursed_spirit_grade_321":10,"jujutsucraft:miwa_kasumi":1,"minecraft:sheep":2,"minecraft:horse":1,"jujutsucraft:cursed_spirit_grade_29":4,"jujutsucraft:cursed_spirit_grade_39":24,"jujutsucraft:fox_fire":5,"jujutsucraft:cursed_spirit_grade_314":24,"jujutsucraft:cursed_spirit_grade_312":8,"jujutsucraft:cursed_spirit_grade_313":5,"jujutsucraft:cursed_spirit_grade_215":1,"jujutsucraft:cursed_spirit_grade_311":3,"jujutsucraft:cursed_spirit_grade_310":13,"jujutsucraft:negi_toshihisa":1,"jujutsucraft:cursed_spirit_grade_15":1,"jujutsucraft:cursed_spirit_grade_36":12,"jujutsucraft:cursed_spirit_grade_214":2,"jujutsucraft:cursed_spirit_grade_25":3,"jujutsucraft:cursed_spirit_grade_317":20,"jujutsucraft:cursed_spirit_grade_315":8,"jujutsucraft:cursed_spirit_grade_38":5,"jujutsucraft:cursed_spirit_grade_34":17,"jujutsucraft:cursed_spirit_grade_319":14,"jujutsucraft:cursed_spirit_grade_322":6,"jujutsucraft:nobara_kugisaki":1,"minecraft:villager":6,"jujutsucraft:mei_mei":1,"jujutsucraft:q":1,"minecraft:cow":1,"jujutsucraft:hazenoki":1,"jujutsucraft:gravestone_3":3,"jujutsucraft:ogami":1},"minecraft:used":{"jujutsucraft:garuda_item_ball":2,"minecraft:stone_pickaxe":18,"minecraft:oak_planks":5,"jujutsucraft:garuda_item":7,"minecraft:wooden_pickaxe":3,"jujutsucraft:uniform_normal_boots":1,"minecraft:dirt":1,"minecraft:crafting_table":1,"minecraft:white_bed":2,"jujutsucraft:uniform_normal_chestplate":1,"minecraft:grass_block":1,"minecraft:cobblestone":3,"jujutsucraft:uniform_normal_leggings":1},"minecraft:picked_up":{"minecraft:crafting_table":1,"jujutsucraft:uniform_gojo_boots":1,"minecraft:leather":3,"jujutsucraft:sukuna_finger":1,"minecraft:oak_log":6,"minecraft:dirt":11,"jujutsucraft:uniform_normal_leggings":1,"minecraft:snow":17,"minecraft:item_frame":5,"minecraft:red_carpet":1,"minecraft:bone":1,"minecraft:glass_pane":1,"minecraft:stone_bricks":1,"jujutsucraft:garuda_item":1,"minecraft:cobweb":7,"minecraft:dark_oak_sign":1,"minecraft:azalea":1,"minecraft:spruce_slab":1,"jujutsucraft:clothes_miguel_leggings":1,"minecraft:glow_lichen":1,"jujutsucraft:nyoi_staff":1,"minecraft:stone":2,"minecraft:torch":1,"minecraft:spruce_fence":1,"minecraft:gravel":2,"minecraft:snow_block":1,"minecraft:sand":2,"minecraft:stripped_spruce_log":1,"minecraft:spruce_sapling":1,"minecraft:white_bed":3,"minecraft:vine":3,"minecraft:grass_block":1,"minecraft:brown_carpet":1,"jujutsucraft:naginata":1,"minecraft:painting":5,"minecraft:mangrove_door":1,"minecraft:coal":7,"minecraft:cobblestone":13},"minecraft:dropped":{"minecraft:snow_block":1,"minecraft:gravel":2,"jujutsucraft:uniform_gojo_boots":1,"minecraft:vine":3,"jujutsucraft:uniform_normal_leggings":2,"minecraft:dark_oak_sign":1,"minecraft:mangrove_door":1,"jujutsucraft:garuda_item":4,"minecraft:glass_pane":1,"minecraft:item_frame":5,"minecraft:cobweb":7,"minecraft:snow":8,"minecraft:dirt":10,"minecraft:stone":2,"minecraft:azalea":1,"minecraft:stone_bricks":1,"jujutsucraft:mei_mei_axe":1,"minecraft:painting":5,"minecraft:spruce_slab":1,"minecraft:sand":2,"minecraft:spruce_sapling":1,"minecraft:bone":1},"minecraft:custom":{"minecraft:mob_kills":313,"minecraft:interact_with_crafting_table":2,"minecraft:damage_dealt_resisted":118396,"minecraft:leave_game":3,"minecraft:time_since_death":2579,"minecraft:climb_one_cm":488,"minecraft:sleep_in_bed":2,"minecraft:damage_resisted":13711,"minecraft:time_since_rest":2636,"minecraft:damage_taken":10123,"minecraft:sprint_one_cm":790308,"minecraft:walk_one_cm":331426,"minecraft:trigger_trapped_chest":1,"minecraft:drop":30,"minecraft:damage_dealt":86,"minecraft:swim_one_cm":4322,"minecraft:talked_to_villager":4,"minecraft:fly_one_cm":804124,"minecraft:open_chest":15,"minecraft:play_time":83135,"minecraft:crouch_one_cm":37,"minecraft:sneak_time":49,"minecraft:deaths":15,"minecraft:walk_under_water_one_cm":2863,"minecraft:jump":1956,"minecraft:walk_on_water_one_cm":18286,"minecraft:total_world_time":83135,"minecraft:fall_one_cm":83558},"minecraft:crafted":{"minecraft:oak_planks":24,"minecraft:crafting_table":1,"minecraft:wooden_pickaxe":1,"minecraft:stick":4,"minecraft:stone_pickaxe":1}},"DataVersion":3465}