{"stats":{"minecraft:killed_by":{"jujutsucraft:cursed_spirit_grade_24":1,"jujutsucraft:cursed_spirit_grade_16":1,"jujutsucraft:cursed_spirit_grade_05":1,"jujutsucraft:cursed_spirit_grade_12":1,"jujutsucraft:uraume":1,"jujutsucraft:cursed_spirit_grade_22":1,"jujutsucraft:q":1},"minecraft:mined":{"minecraft:light_gray_stained_glass_pane":3,"minecraft:glass_pane":1,"minecraft:grass_block":1,"minecraft:white_stained_glass_pane":1,"minecraft:oak_planks":1,"minecraft:black_stained_glass_pane":1,"minecraft:oak_log":6,"minecraft:oak_leaves":2},"minecraft:killed":{"jujutsucraft:mimiko":1,"jujutsucraft:cursed_spirit_grade_32":5,"jujutsucraft:transfigured_human_3":1,"jujutsucraft:cursed_spirit_grade_31":1,"jujutsucraft:cursed_spirit_grade_33":3,"jujutsucraft:kukuru":2,"jujutsucraft:ice_spear_2":7,"jujutsucraft:cursed_spirit_grade_11":1,"jujutsucraft:jujutsu_sorcerer":2,"jujutsucraft:cursed_spirit_grade_24":2,"jujutsucraft:cursed_spirit_grade_35":1,"jujutsucraft:yoshino_junpei":1,"jujutsucraft:cursed_spirit_grade_318":4,"jujutsucraft:cursed_spirit_grade_316":3,"jujutsucraft:curse_user_1":3,"jujutsucraft:cursed_spirit_grade_26":1,"jujutsucraft:curse_user":3,"jujutsucraft:cursed_spirit_grade_321":3,"minecraft:horse":1,"jujutsucraft:cursed_spirit_grade_29":2,"jujutsucraft:cursed_spirit_grade_39":5,"jujutsucraft:cursed_spirit_grade_314":8,"jujutsucraft:cursed_spirit_grade_312":6,"jujutsucraft:cursed_spirit_grade_313":2,"jujutsucraft:cursed_spirit_grade_311":1,"jujutsucraft:cursed_spirit_grade_310":6,"jujutsucraft:negi_toshihisa":1,"jujutsucraft:cursed_spirit_grade_36":6,"jujutsucraft:cursed_spirit_grade_317":8,"jujutsucraft:cursed_spirit_grade_315":5,"jujutsucraft:cursed_spirit_grade_38":2,"jujutsucraft:cursed_spirit_grade_34":9,"jujutsucraft:cursed_spirit_grade_319":8,"jujutsucraft:cursed_spirit_grade_322":3,"minecraft:villager":2,"jujutsucraft:q":1,"minecraft:cow":1,"jujutsucraft:gravestone_3":1},"minecraft:used":{"minecraft:oak_planks":5,"jujutsucraft:garuda_item":6,"jujutsucraft:uniform_normal_boots":1,"minecraft:dirt":1,"jujutsucraft:uniform_normal_chestplate":1,"minecraft:grass_block":1,"jujutsucraft:uniform_normal_leggings":1},"minecraft:picked_up":{"minecraft:leather":2,"minecraft:oak_log":6,"minecraft:dirt":2,"minecraft:snow":2,"minecraft:glass_pane":1,"minecraft:cobweb":3,"minecraft:dark_oak_sign":1,"minecraft:spruce_slab":1,"jujutsucraft:clothes_miguel_leggings":1,"minecraft:torch":1,"minecraft:snow_block":1,"minecraft:grass_block":1,"minecraft:vine":2,"minecraft:mangrove_door":1},"minecraft:dropped":{"jujutsucraft:garuda_item":2,"minecraft:dirt":1},"minecraft:custom":{"minecraft:mob_kills":137,"minecraft:damage_dealt_resisted":28312,"minecraft:leave_game":2,"minecraft:time_since_death":7133,"minecraft:climb_one_cm":326,"minecraft:damage_resisted":2199,"minecraft:time_since_rest":7167,"minecraft:sprint_one_cm":372864,"minecraft:walk_one_cm":164632,"minecraft:damage_taken":4917,"minecraft:trigger_trapped_chest":1,"minecraft:drop":3,"minecraft:damage_dealt":86,"minecraft:talked_to_villager":2,"minecraft:fly_one_cm":382759,"minecraft:open_chest":2,"minecraft:play_time":41266,"minecraft:deaths":9,"minecraft:jump":1091,"minecraft:total_world_time":41266,"minecraft:fall_one_cm":43014},"minecraft:crafted":{"minecraft:oak_planks":24}},"DataVersion":3465}