{"stats":{"minecraft:killed_by":{"jujutsucraft:cursed_spirit_grade_25":1,"jujutsucraft:cursed_spirit_grade_24":1,"jujutsucraft:cursed_spirit_grade_01":1,"jujutsucraft:cursed_spirit_grade_16":1,"jujutsucraft:cursed_spirit_grade_05":2,"jujutsucraft:cursed_spirit_grade_12":1,"jujutsucraft:cursed_spirit_grade_03":1,"jujutsucraft:cursed_spirit_grade_22":1,"jujutsucraft:zenin_naoya_cursed_spirit_3":1,"jujutsucraft:fushiguro_toji_bug":1,"jujutsucraft:rozetsu":1,"jujutsucraft:jogo":1,"jujutsucraft:uraume":1,"jujutsucraft:q":1},"minecraft:mined":{"minecraft:diamond_ore":9,"minecraft:white_bed":4,"minecraft:light_gray_stained_glass_pane":3,"minecraft:grass_block":3,"minecraft:black_stained_glass_pane":1,"minecraft:furnace":1,"minecraft:iron_ore":8,"minecraft:andesite":1,"minecraft:stone":32,"minecraft:glass_pane":1,"minecraft:powder_snow":8,"minecraft:crafting_table":3,"minecraft:white_stained_glass_pane":1,"minecraft:oak_planks":1,"minecraft:grass":1,"minecraft:coal_ore":7,"minecraft:oak_log":6,"minecraft:dirt":2,"minecraft:oak_leaves":3},"minecraft:killed":{"jujutsucraft:mimiko":1,"jujutsucraft:cursed_spirit_grade_32":11,"jujutsucraft:transfigured_human_3":6,"jujutsucraft:cursed_spirit_grade_21":5,"jujutsucraft:cursed_spirit_grade_31":2,"jujutsucraft:cursed_spirit_grade_33":14,"jujutsucraft:stevenson_screen":2,"jujutsucraft:daido_hagane":1,"jujutsucraft:cursed_spirit_grade_11":1,"jujutsucraft:charles_bernard":2,"jujutsucraft:zenin_naobito":1,"jujutsucraft:doll_1":1,"jujutsucraft:liquid_metal":1,"jujutsucraft:zenin_naoya":1,"jujutsucraft:cursed_spirit_grade_24":6,"jujutsucraft:cursed_spirit_grade_12":1,"jujutsucraft:earthen_insect_trance":1,"jujutsucraft:miguel":2,"jujutsucraft:fushiguro_megumi_shibuya":2,"jujutsucraft:cursed_spirit_grade_37":1,"jujutsucraft:cursed_spirit_grade_35":3,"jujutsucraft:yoshino_junpei":2,"jujutsucraft:cursed_spirit_grade_318":8,"jujutsucraft:cursed_spirit_grade_316":5,"jujutsucraft:cursed_spirit_grade_26":1,"jujutsucraft:cursed_spirit_grade_22":1,"jujutsucraft:kumiya_juzo":3,"jujutsucraft:transfigured_human_2":2,"jujutsucraft:cursed_spirit_grade_03":1,"jujutsucraft:miwa_kasumi":2,"jujutsucraft:cursed_spirit_grade_04":1,"minecraft:horse":1,"jujutsucraft:cursed_spirit_grade_39":34,"jujutsucraft:fox_fire":5,"jujutsucraft:cursed_spirit_grade_312":9,"jujutsucraft:cursed_spirit_grade_313":5,"jujutsucraft:larue":1,"jujutsucraft:cursed_spirit_grade_215":1,"jujutsucraft:fushiguro_toji_bug":1,"jujutsucraft:cursed_spirit_grade_15":2,"jujutsucraft:cursed_spirit_grade_16":3,"jujutsucraft:rozetsu_shikigami":1,"jujutsucraft:fist":1,"jujutsucraft:cursed_spirit_grade_214":2,"jujutsucraft:cursed_spirit_grade_317":21,"jujutsucraft:cursed_spirit_grade_38":5,"jujutsucraft:cursed_spirit_grade_34":21,"jujutsucraft:higuruma_hiromi":1,"jujutsucraft:nobara_kugisaki":1,"jujutsucraft:mei_mei":1,"jujutsucraft:hazenoki":1,"jujutsucraft:ember_insect":1,"jujutsucraft:kusakabe_yatsuya":1,"jujutsucraft:eight_handled_swrod_divergent_sila_divine_general_mahoraga":1,"jujutsucraft:uraume":2,"jujutsucraft:cursed_spirit_grade_210":1,"jujutsucraft:kukuru":4,"jujutsucraft:ice_spear_2":18,"jujutsucraft:jujutsu_sorcerer":5,"jujutsucraft:nishimiya_momo":1,"jujutsucraft:cursed_spirit_grade_213":2,"jujutsucraft:itadori_yuji_shinjuku":1,"jujutsucraft:awasaka_jiro":3,"jujutsucraft:zenin_jinichi":4,"jujutsucraft:cursed_spirit_grade_09":2,"minecraft:bat":19,"jujutsucraft:curse_user_1":5,"jujutsucraft:cursed_spirit_grade_211":1,"jujutsucraft:curse_user":9,"jujutsucraft:yaga_masamichi":1,"jujutsucraft:itadori_yuji":2,"minecraft:squid":1,"jujutsucraft:cursed_spirit_grade_321":10,"minecraft:sheep":2,"jujutsucraft:jogo":1,"jujutsucraft:cursed_spirit_grade_29":4,"jujutsucraft:cursed_spirit_grade_314":27,"jujutsucraft:cursed_spirit_grade_14":1,"jujutsucraft:cursed_spirit_grade_311":3,"jujutsucraft:cursed_spirit_grade_310":14,"jujutsucraft:negi_toshihisa":1,"jujutsucraft:cursed_spirit_grade_36":16,"jujutsucraft:cursed_spirit_grade_25":5,"jujutsucraft:cursed_spirit_grade_315":11,"jujutsucraft:cursed_spirit_grade_212":1,"jujutsucraft:cursed_spirit_grade_02":1,"jujutsucraft:cursed_spirit_grade_319":21,"jujutsucraft:rika":2,"jujutsucraft:cursed_spirit_grade_322":8,"jujutsucraft:ice_spear":7,"minecraft:villager":6,"jujutsucraft:q":1,"minecraft:cow":1,"jujutsucraft:gravestone_3":3,"jujutsucraft:ogami":2},"minecraft:used":{"jujutsucraft:garuda_item":7,"minecraft:stone":5,"jujutsucraft:hiten":5,"minecraft:spruce_leaves":1,"minecraft:dirt":3,"minecraft:stripped_spruce_log":1,"minecraft:grass_block":1,"minecraft:furnace":1,"minecraft:diorite":2,"minecraft:leather_leggings":1,"jujutsucraft:garuda_item_ball":3,"minecraft:stone_pickaxe":29,"minecraft:oak_planks":5,"minecraft:wooden_pickaxe":3,"jujutsucraft:uniform_normal_boots":1,"minecraft:crafting_table":3,"minecraft:white_bed":4,"jujutsucraft:uniform_normal_chestplate":1,"minecraft:iron_pickaxe":28,"minecraft:leather_helmet":1,"jujutsucraft:naginata":5,"minecraft:cobblestone":15,"jujutsucraft:uniform_normal_leggings":1,"minecraft:turtle_helmet":1,"minecraft:andesite":1},"minecraft:picked_up":{"minecraft:spruce_leaves":1,"minecraft:birch_door":3,"minecraft:crafting_table":3,"minecraft:turtle_helmet":1,"minecraft:leather_leggings":2,"minecraft:packed_ice":6,"jujutsucraft:clothes_zenin_boots":1,"minecraft:snow":20,"minecraft:item_frame":6,"minecraft:armor_stand":1,"minecraft:oak_sign":1,"minecraft:glass_pane":2,"minecraft:azalea":1,"minecraft:iron_pickaxe":1,"minecraft:poppy":1,"minecraft:spruce_slab":1,"jujutsucraft:sword_of_extermination":1,"minecraft:furnace":1,"minecraft:polished_blackstone_brick_slab":1,"minecraft:raw_iron":8,"minecraft:stone":8,"jujutsucraft:sickle":1,"minecraft:torch":2,"minecraft:spruce_fence":1,"minecraft:snow_block":1,"minecraft:diorite":2,"minecraft:vine":3,"minecraft:jungle_sign":1,"minecraft:brown_carpet":1,"jujutsucraft:naginata":1,"minecraft:cyan_terracotta":1,"minecraft:mangrove_door":1,"minecraft:cobblestone":31,"jujutsucraft:uniform_gojo_boots":1,"minecraft:andesite":1,"minecraft:leather":3,"minecraft:powder_snow_bucket":1,"jujutsucraft:sukuna_finger":2,"minecraft:oak_log":6,"jujutsucraft:fester_life_blade":1,"minecraft:gray_concrete":1,"minecraft:dirt":31,"minecraft:white_banner":4,"jujutsucraft:uniform_normal_leggings":1,"minecraft:red_carpet":1,"minecraft:bone":1,"minecraft:stone_bricks":1,"jujutsucraft:garuda_item":2,"minecraft:iron_ingot":3,"minecraft:dark_oak_sign":1,"minecraft:cobweb":7,"jujutsucraft:sword_miwa_kasumi":1,"jujutsucraft:clothes_miguel_leggings":1,"jujutsucraft:uniform_itadori_leggings":1,"jujutsucraft:nyoi_staff":1,"minecraft:glow_lichen":1,"minecraft:gravel":3,"minecraft:sand":2,"minecraft:stripped_spruce_log":1,"minecraft:spruce_sapling":1,"minecraft:ink_sac":4,"minecraft:white_bed":4,"minecraft:grass_block":1,"jujutsucraft:hiten":1,"minecraft:spruce_door":2,"minecraft:light_blue_terracotta":3,"minecraft:diamond":9,"minecraft:painting":5,"minecraft:grass":1,"minecraft:white_concrete":7,"minecraft:coal":13},"minecraft:dropped":{"minecraft:vine":3,"jujutsucraft:uniform_itadori_leggings":1,"minecraft:cobblestone":5,"minecraft:book":1,"jujutsucraft:sickle":1,"minecraft:leather":3,"minecraft:spruce_door":2,"minecraft:red_carpet":1,"minecraft:item_frame":6,"minecraft:cyan_terracotta":1,"minecraft:cobweb":7,"minecraft:gray_concrete":1,"minecraft:dirt":28,"minecraft:grass":1,"minecraft:packed_ice":6,"minecraft:ink_sac":4,"minecraft:torch":2,"minecraft:white_concrete":7,"minecraft:jungle_sign":1,"jujutsucraft:mei_mei_axe":1,"minecraft:polished_blackstone_brick_slab":1,"minecraft:white_banner":4,"minecraft:sand":2,"minecraft:iron_pickaxe":1,"minecraft:spruce_sapling":1,"minecraft:armor_stand":1,"minecraft:bone":1,"minecraft:snow_block":1,"minecraft:gravel":3,"jujutsucraft:nyoi_staff":1,"jujutsucraft:uniform_gojo_boots":1,"jujutsucraft:uniform_normal_leggings":2,"minecraft:dark_oak_sign":1,"jujutsucraft:sword_miwa_kasumi":1,"minecraft:mangrove_door":1,"jujutsucraft:naginata":1,"minecraft:glow_lichen":1,"jujutsucraft:garuda_item":4,"minecraft:oak_sign":1,"minecraft:spruce_fence":1,"minecraft:glass_pane":2,"jujutsucraft:uniform_normal_chestplate":1,"minecraft:poppy":1,"minecraft:snow":19,"jujutsucraft:clothes_miguel_leggings":1,"minecraft:stone":3,"minecraft:powder_snow_bucket":1,"minecraft:birch_door":3,"minecraft:azalea":1,"minecraft:leather_leggings":1,"minecraft:stone_bricks":1,"jujutsucraft:clothes_zenin_boots":1,"minecraft:brown_carpet":1,"minecraft:painting":5,"minecraft:spruce_slab":1,"minecraft:stone_pickaxe":1,"jujutsucraft:uniform_normal_boots":1,"minecraft:light_blue_terracotta":3},"minecraft:custom":{"minecraft:mob_kills":475,"minecraft:interact_with_crafting_table":8,"minecraft:damage_dealt_resisted":332968,"minecraft:leave_game":6,"minecraft:time_since_death":23640,"minecraft:climb_one_cm":1862,"minecraft:damage_resisted":35728,"minecraft:sprint_one_cm":1225127,"minecraft:walk_one_cm":549099,"minecraft:drop":79,"minecraft:talked_to_villager":5,"minecraft:play_time":145052,"minecraft:deaths":18,"minecraft:sneak_time":974,"minecraft:walk_under_water_one_cm":23170,"minecraft:jump":3052,"minecraft:walk_on_water_one_cm":75417,"minecraft:total_world_time":145052,"minecraft:interact_with_furnace":5,"minecraft:sleep_in_bed":3,"minecraft:time_since_rest":23765,"minecraft:damage_taken":15913,"minecraft:trigger_trapped_chest":1,"minecraft:damage_dealt":86,"minecraft:swim_one_cm":23514,"minecraft:fly_one_cm":1336434,"minecraft:open_chest":16,"minecraft:crouch_one_cm":420,"minecraft:fall_one_cm":150353},"minecraft:crafted":{"minecraft:oak_planks":24,"minecraft:furnace":1,"minecraft:stone_pickaxe":1,"minecraft:diamond_boots":1,"minecraft:crafting_table":1,"minecraft:wooden_pickaxe":1,"minecraft:air":0,"minecraft:diamond_pickaxe":1,"minecraft:stick":8,"minecraft:iron_ingot":3,"minecraft:iron_pickaxe":1}},"DataVersion":3465}