{"stats":{"minecraft:killed_by":{"jujutsucraft:cursed_spirit_grade_25":1,"jujutsucraft:cursed_spirit_grade_24":1,"jujutsucraft:cursed_spirit_grade_16":1,"jujutsucraft:cursed_spirit_grade_05":1,"jujutsucraft:cursed_spirit_grade_12":1,"jujutsucraft:uraume":1,"jujutsucraft:cursed_spirit_grade_22":1,"jujutsucraft:q":1,"jujutsucraft:rozetsu":1},"minecraft:mined":{"minecraft:light_gray_stained_glass_pane":3,"minecraft:glass_pane":1,"minecraft:grass_block":3,"minecraft:white_stained_glass_pane":1,"minecraft:oak_planks":1,"minecraft:black_stained_glass_pane":1,"minecraft:oak_log":6,"minecraft:dirt":1,"minecraft:oak_leaves":2},"minecraft:killed":{"jujutsucraft:mimiko":1,"jujutsucraft:cursed_spirit_grade_32":7,"jujutsucraft:transfigured_human_3":1,"jujutsucraft:cursed_spirit_grade_31":1,"jujutsucraft:cursed_spirit_grade_33":7,"jujutsucraft:kukuru":2,"jujutsucraft:charles_bernard":1,"jujutsucraft:ice_spear_2":7,"jujutsucraft:cursed_spirit_grade_11":1,"jujutsucraft:jujutsu_sorcerer":2,"jujutsucraft:cursed_spirit_grade_12":1,"jujutsucraft:cursed_spirit_grade_24":2,"jujutsucraft:cursed_spirit_grade_213":1,"jujutsucraft:cursed_spirit_grade_35":1,"jujutsucraft:yoshino_junpei":1,"jujutsucraft:cursed_spirit_grade_318":7,"jujutsucraft:cursed_spirit_grade_316":3,"jujutsucraft:curse_user_1":3,"jujutsucraft:cursed_spirit_grade_26":1,"jujutsucraft:curse_user":5,"jujutsucraft:cursed_spirit_grade_321":8,"minecraft:sheep":2,"minecraft:horse":1,"jujutsucraft:cursed_spirit_grade_29":3,"jujutsucraft:cursed_spirit_grade_39":10,"jujutsucraft:cursed_spirit_grade_314":14,"jujutsucraft:cursed_spirit_grade_312":7,"jujutsucraft:cursed_spirit_grade_313":3,"jujutsucraft:cursed_spirit_grade_311":2,"jujutsucraft:cursed_spirit_grade_310":8,"jujutsucraft:negi_toshihisa":1,"jujutsucraft:cursed_spirit_grade_36":10,"jujutsucraft:cursed_spirit_grade_214":1,"jujutsucraft:cursed_spirit_grade_25":2,"jujutsucraft:cursed_spirit_grade_317":12,"jujutsucraft:cursed_spirit_grade_315":7,"jujutsucraft:cursed_spirit_grade_38":3,"jujutsucraft:cursed_spirit_grade_34":13,"jujutsucraft:cursed_spirit_grade_319":13,"jujutsucraft:cursed_spirit_grade_322":3,"minecraft:villager":2,"jujutsucraft:q":1,"minecraft:cow":1,"jujutsucraft:gravestone_3":1,"jujutsucraft:ogami":1},"minecraft:used":{"minecraft:oak_planks":5,"jujutsucraft:garuda_item":6,"jujutsucraft:uniform_normal_boots":1,"minecraft:dirt":1,"jujutsucraft:uniform_normal_chestplate":1,"minecraft:grass_block":1,"jujutsucraft:uniform_normal_leggings":1},"minecraft:picked_up":{"jujutsucraft:uniform_gojo_boots":1,"minecraft:leather":2,"minecraft:oak_log":6,"minecraft:dirt":4,"minecraft:snow":2,"minecraft:glass_pane":1,"jujutsucraft:garuda_item":1,"minecraft:cobweb":3,"minecraft:dark_oak_sign":1,"minecraft:spruce_slab":1,"jujutsucraft:clothes_miguel_leggings":1,"minecraft:torch":1,"minecraft:snow_block":1,"minecraft:grass_block":1,"minecraft:vine":2,"minecraft:mangrove_door":1},"minecraft:dropped":{"jujutsucraft:garuda_item":4,"minecraft:dirt":1,"jujutsucraft:mei_mei_axe":1},"minecraft:custom":{"minecraft:mob_kills":199,"minecraft:damage_dealt_resisted":50947,"minecraft:leave_game":2,"minecraft:time_since_death":6380,"minecraft:climb_one_cm":326,"minecraft:damage_resisted":4230,"minecraft:time_since_rest":6405,"minecraft:sprint_one_cm":504770,"minecraft:walk_one_cm":210495,"minecraft:damage_taken":6279,"minecraft:trigger_trapped_chest":1,"minecraft:drop":6,"minecraft:damage_dealt":86,"minecraft:talked_to_villager":2,"minecraft:fly_one_cm":517205,"minecraft:open_chest":11,"minecraft:play_time":53266,"minecraft:deaths":11,"minecraft:jump":1400,"minecraft:walk_on_water_one_cm":358,"minecraft:total_world_time":53266,"minecraft:fall_one_cm":56934},"minecraft:crafted":{"minecraft:oak_planks":24}},"DataVersion":3465}