{"stats":{"minecraft:killed_by":{"jujutsucraft:q":1,"jujutsucraft:cursed_spirit_grade_16":1,"jujutsucraft:cursed_spirit_grade_12":1,"jujutsucraft:cursed_spirit_grade_22":1},"minecraft:mined":{"minecraft:grass_block":1,"minecraft:oak_leaves":2},"minecraft:killed":{"jujutsucraft:mimiko":1,"jujutsucraft:cursed_spirit_grade_32":1,"jujutsucraft:transfigured_human_3":1,"jujutsucraft:cursed_spirit_grade_39":3,"jujutsucraft:cursed_spirit_grade_33":1,"jujutsucraft:cursed_spirit_grade_312":3,"jujutsucraft:cursed_spirit_grade_314":4,"jujutsucraft:cursed_spirit_grade_310":1,"jujutsucraft:kukuru":1,"jujutsucraft:jujutsu_sorcerer":1,"jujutsucraft:cursed_spirit_grade_317":4,"jujutsucraft:cursed_spirit_grade_315":3,"jujutsucraft:cursed_spirit_grade_316":1,"jujutsucraft:cursed_spirit_grade_34":4,"jujutsucraft:cursed_spirit_grade_319":4,"jujutsucraft:cursed_spirit_grade_322":3,"jujutsucraft:curse_user":1,"jujutsucraft:cursed_spirit_grade_321":3},"minecraft:picked_up":{"minecraft:grass_block":1,"minecraft:dirt":2,"jujutsucraft:clothes_miguel_leggings":1},"minecraft:used":{"jujutsucraft:uniform_normal_boots":1,"jujutsucraft:uniform_normal_leggings":1,"jujutsucraft:uniform_normal_chestplate":1},"minecraft:dropped":{"minecraft:dirt":1,"jujutsucraft:garuda_item":2},"minecraft:custom":{"minecraft:time_since_rest":1377,"minecraft:sprint_one_cm":156929,"minecraft:damage_taken":2498,"minecraft:walk_one_cm":62068,"minecraft:mob_kills":42,"minecraft:drop":3,"minecraft:damage_dealt":86,"minecraft:fly_one_cm":225127,"minecraft:play_time":19691,"minecraft:deaths":6,"minecraft:jump":626,"minecraft:damage_dealt_resisted":5857,"minecraft:leave_game":2,"minecraft:time_since_death":1339,"minecraft:climb_one_cm":57,"minecraft:total_world_time":19691,"minecraft:damage_resisted":470,"minecraft:fall_one_cm":27245}},"DataVersion":3465}