{"stats":{"minecraft:killed_by":{"jujutsucraft:cursed_spirit_grade_24":1,"jujutsucraft:q":1,"jujutsucraft:cursed_spirit_grade_16":1,"jujutsucraft:cursed_spirit_grade_12":1,"jujutsucraft:cursed_spirit_grade_22":1},"minecraft:mined":{"minecraft:black_stained_glass_pane":1,"minecraft:grass_block":1,"minecraft:oak_log":6,"minecraft:oak_leaves":2},"minecraft:killed":{"jujutsucraft:mimiko":1,"minecraft:horse":1,"jujutsucraft:cursed_spirit_grade_32":3,"jujutsucraft:transfigured_human_3":1,"jujutsucraft:cursed_spirit_grade_39":3,"jujutsucraft:cursed_spirit_grade_33":1,"jujutsucraft:cursed_spirit_grade_312":4,"jujutsucraft:cursed_spirit_grade_314":4,"jujutsucraft:cursed_spirit_grade_310":3,"jujutsucraft:kukuru":1,"jujutsucraft:negi_toshihisa":1,"jujutsucraft:jujutsu_sorcerer":1,"jujutsucraft:cursed_spirit_grade_318":3,"jujutsucraft:curse_user_1":1,"jujutsucraft:cursed_spirit_grade_38":1,"jujutsucraft:cursed_spirit_grade_317":7,"jujutsucraft:cursed_spirit_grade_315":3,"jujutsucraft:cursed_spirit_grade_316":1,"jujutsucraft:cursed_spirit_grade_34":4,"jujutsucraft:cursed_spirit_grade_319":7,"jujutsucraft:cursed_spirit_grade_322":3,"jujutsucraft:curse_user":2,"minecraft:villager":1,"minecraft:cow":1,"jujutsucraft:cursed_spirit_grade_321":3},"minecraft:used":{"minecraft:grass_block":1,"jujutsucraft:garuda_item":1,"jujutsucraft:uniform_normal_boots":1,"minecraft:dirt":1,"jujutsucraft:uniform_normal_leggings":1,"jujutsucraft:uniform_normal_chestplate":1},"minecraft:picked_up":{"minecraft:leather":2,"minecraft:snow_block":1,"minecraft:oak_log":6,"minecraft:grass_block":1,"minecraft:dirt":2,"minecraft:snow":2,"jujutsucraft:clothes_miguel_leggings":1},"minecraft:dropped":{"minecraft:dirt":1,"jujutsucraft:garuda_item":2},"minecraft:custom":{"minecraft:time_since_rest":6889,"minecraft:sprint_one_cm":232774,"minecraft:damage_taken":3293,"minecraft:walk_one_cm":93805,"minecraft:mob_kills":64,"minecraft:drop":3,"minecraft:damage_dealt":86,"minecraft:talked_to_villager":2,"minecraft:fly_one_cm":289228,"minecraft:open_chest":1,"minecraft:play_time":29266,"minecraft:deaths":7,"minecraft:jump":858,"minecraft:damage_dealt_resisted":9981,"minecraft:leave_game":2,"minecraft:time_since_death":6861,"minecraft:climb_one_cm":85,"minecraft:total_world_time":29266,"minecraft:damage_resisted":761,"minecraft:fall_one_cm":38927}},"DataVersion":3465}