{"stats":{"minecraft:killed_by":{"jujutsucraft:cursed_spirit_grade_214":2,"jujutsucraft:kechizu":1,"jujutsucraft:cursed_spirit_grade_14":2,"jujutsucraft:charles_bernard":3,"jujutsucraft:uraume":4,"jujutsucraft:cursed_spirit_grade_03":1,"jujutsucraft:cursed_spirit_grade_22":5,"jujutsucraft:ishigori_ryu":4,"jujutsucraft:cursed_spirit_grade_26":1,"jujutsucraft:cursed_spirit_grade_213":2,"jujutsucraft:cursed_spirit_grade_211":1,"jujutsucraft:q":1,"jujutsucraft:sukuna":3,"jujutsucraft:cursed_spirit_grade_318":1,"jujutsucraft:cursed_spirit_grade_32":1,"jujutsucraft:cursed_spirit_grade_02":1,"jujutsucraft:cursed_spirit_grade_212":1,"jujutsucraft:jujutsu_sorcerer":1},"minecraft:mined":{"minecraft:grass_block":7,"minecraft:dead_bush":1,"minecraft:yellow_bed":6,"minecraft:grass":5,"minecraft:dirt":5,"minecraft:azalea":1,"minecraft:oak_leaves":7},"minecraft:killed":{"jujutsucraft:cursed_spirit_grade_32":8,"jujutsucraft:transfigured_human_3":1,"minecraft:wolf":1,"jujutsucraft:cursed_spirit_grade_33":4,"jujutsucraft:cursed_spirit_grade_11":1,"jujutsucraft:nanako":1,"jujutsucraft:charles_bernard":2,"jujutsucraft:cursed_spirit_grade_213":1,"jujutsucraft:awasaka_jiro":2,"jujutsucraft:cursed_spirit_grade_35":1,"jujutsucraft:cursed_spirit_grade_318":5,"jujutsucraft:curse_user_1":1,"jujutsucraft:cursed_spirit_grade_316":2,"jujutsucraft:cursed_spirit_grade_26":1,"jujutsucraft:curse_user":8,"jujutsucraft:transfigured_human_2":2,"jujutsucraft:cursed_spirit_grade_321":2,"minecraft:sheep":1,"jujutsucraft:cursed_spirit_grade_39":6,"jujutsucraft:fox_fire":12,"jujutsucraft:cursed_spirit_grade_313":1,"jujutsucraft:cursed_spirit_grade_314":11,"jujutsucraft:entity_scissors":2,"jujutsucraft:cursed_spirit_grade_311":2,"jujutsucraft:negi_toshihisa":1,"jujutsucraft:cursed_spirit_grade_36":15,"jujutsucraft:cursed_spirit_grade_315":9,"jujutsucraft:cursed_spirit_grade_317":4,"jujutsucraft:cursed_spirit_grade_38":2,"jujutsucraft:cursed_spirit_grade_34":6,"jujutsucraft:cursed_spirit_grade_319":5,"jujutsucraft:transfigured_human_1":1,"jujutsucraft:cursed_spirit_grade_322":3,"jujutsucraft:ice_spear":2,"jujutsucraft:q":2,"jujutsucraft:ogami":4},"minecraft:used":{"jujutsucraft:uniform_okkotsu_chestplate":2,"jujutsucraft:uniform_normal_boots":1,"minecraft:dirt":4,"jujutsucraft:uniform_normal_chestplate":1,"jujutsucraft:sword_okkotsu_yuta":26,"jujutsucraft:uniform_normal_leggings":1,"minecraft:yellow_bed":6},"minecraft:picked_up":{"minecraft:spruce_leaves":9,"jujutsucraft:clothes_kusakabe_chestplate":3,"minecraft:leather_leggings":3,"minecraft:turtle_helmet":1,"minecraft:yellow_bed":6,"minecraft:dirt":13,"minecraft:large_fern":2,"minecraft:leather_boots":1,"minecraft:snow":25,"minecraft:item_frame":5,"jujutsucraft:uniform_higuruma_chestplate":1,"minecraft:bone":1,"jujutsucraft:clothes_jogo_chestplate":1,"jujutsucraft:sword_shigemo":1,"minecraft:spruce_slab":1,"jujutsucraft:clothes_miguel_leggings":3,"jujutsucraft:glasses_maki_helmet":1,"minecraft:egg":1,"jujutsucraft:nyoi_staff":1,"jujutsucraft:dragon_bone":2,"minecraft:stick":1,"jujutsucraft:sword_okkotsu_yuta":1,"jujutsucraft:clothes_nanami_helmet":1,"minecraft:spruce_sapling":4,"jujutsucraft:uniform_gojo_chestplate":1,"minecraft:ink_sac":2,"minecraft:grass_block":1,"jujutsucraft:sunglasses_helmet":1,"jujutsucraft:uniform_q_leggings":1,"jujutsucraft:clothes_ishigori_chestplate":1,"jujutsucraft:naginata":1,"jujutsucraft:clothes_nanami_chestplate":1,"minecraft:painting":3,"jujutsucraft:clothes_kusakabe_leggings":1,"jujutsucraft:clothes_miguel_chestplate":2,"minecraft:grass":5,"minecraft:black_wool":1,"minecraft:mutton":2},"minecraft:dropped":{"jujutsucraft:uniform_normal_chestplate":1,"minecraft:stick":1,"minecraft:snow":14,"jujutsucraft:clothes_miguel_leggings":1,"minecraft:grass":1,"minecraft:large_fern":2,"jujutsucraft:sword_kusakabe":1,"jujutsucraft:clothes_miguel_chestplate":1,"minecraft:leather_leggings":2,"jujutsucraft:clothes_kusakabe_chestplate":2,"minecraft:spruce_sapling":4,"jujutsucraft:uniform_gojo_chestplate":1},"minecraft:custom":{"minecraft:mob_kills":152,"minecraft:open_barrel":4,"minecraft:damage_dealt_resisted":20170,"minecraft:leave_game":8,"minecraft:time_since_death":210,"minecraft:sleep_in_bed":4,"minecraft:climb_one_cm":5398,"minecraft:damage_resisted":9803,"minecraft:time_since_rest":244,"minecraft:sprint_one_cm":650371,"minecraft:damage_taken":16574,"minecraft:walk_one_cm":268361,"minecraft:drop":31,"minecraft:damage_dealt":0,"minecraft:talked_to_villager":1,"minecraft:swim_one_cm":6946,"minecraft:fly_one_cm":656750,"minecraft:open_chest":2,"minecraft:play_time":89059,"minecraft:deaths":37,"minecraft:sneak_time":35,"minecraft:walk_under_water_one_cm":1874,"minecraft:jump":2244,"minecraft:walk_on_water_one_cm":13003,"minecraft:total_world_time":89059,"minecraft:fall_one_cm":83178}},"DataVersion":3465}