{"stats":{"minecraft:killed_by":{"jujutsucraft:cursed_spirit_grade_214":2,"jujutsucraft:cursed_spirit_grade_01":6,"jujutsucraft:zenin_naobito":1,"jujutsucraft:cursed_spirit_grade_05":1,"jujutsucraft:charles_bernard":3,"jujutsucraft:cursed_spirit_grade_03":2,"jujutsucraft:cursed_spirit_grade_22":8,"jujutsucraft:cursed_spirit_grade_26":1,"jujutsucraft:cursed_spirit_grade_213":2,"jujutsucraft:cursed_spirit_grade_211":1,"jujutsucraft:uzumaki":2,"jujutsucraft:cursed_spirit_grade_08":1,"jujutsucraft:fushiguro_toji":3,"jujutsucraft:sukuna":4,"jujutsucraft:eso":1,"jujutsucraft:zenin_maki_culling_game":2,"jujutsucraft:cursed_spirit_grade_212":1,"jujutsucraft:daido_hagane":1,"jujutsucraft:sukuna_perfect":2,"jujutsucraft:nishimiya_momo":1,"jujutsucraft:uraume":6,"jujutsucraft:ishigori_ryu":13,"jujutsucraft:yorozu":1,"jujutsucraft:q":1,"jujutsucraft:cursed_spirit_grade_18":1,"jujutsucraft:eight_handled_swrod_divergent_sila_divine_general_mahoraga":3,"jujutsucraft:cursed_spirit_grade_06":2,"jujutsucraft:cursed_spirit_grade_32":1,"jujutsucraft:rika":1,"jujutsucraft:jujutsu_sorcerer":1,"jujutsucraft:gojo_satoru_school_days":1,"jujutsucraft:cursed_spirit_grade_15":1,"jujutsucraft:cursed_spirit_grade_14":6,"jujutsucraft:cursed_spirit_grade_312":1,"jujutsucraft:kenjaku":2,"jujutsucraft:cursed_spirit_grade_318":1,"jujutsucraft:fushiguro_toji_bug":3,"jujutsucraft:gojo_satoru":1,"jujutsucraft:rozetsu":1,"jujutsucraft:rika_2":1,"jujutsucraft:zenin_maki":1,"jujutsucraft:sukuna_fushiguro":10,"jujutsucraft:kechizu":1,"jujutsucraft:okkotsu_yuta_culling_game":1,"jujutsucraft:zenin_jinichi":1,"jujutsucraft:jogo":4,"jujutsucraft:cursed_spirit_grade_02":1},"minecraft:mined":{"minecraft:grass_block":7,"minecraft:azalea":3,"minecraft:powder_snow":2,"minecraft:dead_bush":1,"minecraft:grass":5,"minecraft:dirt":5,"minecraft:oak_leaves":7,"minecraft:packed_ice":1,"minecraft:flowering_azalea":1,"minecraft:yellow_bed":6},"minecraft:killed":{"jujutsucraft:cursed_spirit_grade_32":55,"jujutsucraft:cursed_spirit_grade_31":18,"jujutsucraft:inumaki_toge":3,"jujutsucraft:cursed_spirit_grade_33":49,"jujutsucraft:ishigori_ryu":1,"jujutsucraft:cursed_spirit_grade_11":4,"jujutsucraft:zenin_naobito":1,"jujutsucraft:doll_1":22,"jujutsucraft:zenin_naoya":1,"jujutsucraft:cursed_spirit_grade_12":12,"jujutsucraft:earthen_insect_trance":4,"jujutsucraft:fushiguro_megumi_shibuya":2,"jujutsucraft:cursed_spirit_grade_37":8,"jujutsucraft:cursed_spirit_grade_35":11,"jujutsucraft:zenin_naoya_cursed_spirit_1":2,"jujutsucraft:cursed_spirit_grade_39":126,"jujutsucraft:larue":6,"jujutsucraft:cursed_spirit_grade_215":10,"minecraft:bee":4,"jujutsucraft:fushiguro_toji_bug":4,"minecraft:fox":1,"jujutsucraft:cursed_spirit_grade_15":5,"minecraft:chicken":1,"jujutsucraft:cursed_spirit_grade_19":3,"jujutsucraft:cursed_spirit_grade_16":12,"jujutsucraft:fushiguro_toji":1,"jujutsucraft:fist":48,"jujutsucraft:cursed_spirit_grade_214":8,"jujutsucraft:zenin_ogi":1,"jujutsucraft:cursed_spirit_grade_38":19,"jujutsucraft:cursed_spirit_grade_34":45,"jujutsucraft:nanami_kento":2,"jujutsucraft:higuruma_hiromi":1,"jujutsucraft:miyo_rokujushi":1,"jujutsucraft:nobara_kugisaki":1,"jujutsucraft:hazenoki":1,"jujutsucraft:zenin_naoya_cursed_spirit_2":1,"jujutsucraft:ember_insect":11,"jujutsucraft:kusakabe_yatsuya":1,"minecraft:wolf":4,"minecraft:pig":6,"jujutsucraft:zenin_chojuro":1,"jujutsucraft:truck":1,"minecraft:salmon":45,"jujutsucraft:itadori_yuji_shinjuku":2,"jujutsucraft:cursed_spirit_grade_213":19,"jujutsucraft:awasaka_jiro":7,"jujutsucraft:zenin_jinichi":1,"jujutsucraft:bathynomus_giganteus":5,"jujutsucraft:curse_user_1":15,"jujutsucraft:cursed_spirit_grade_211":14,"jujutsucraft:cursed_spirit_grade_07":6,"jujutsucraft:polymorphic_soul_isomer":9,"minecraft:sheep":12,"jujutsucraft:panda_gorilla":1,"jujutsucraft:jogo":6,"jujutsucraft:cursed_spirit_grade_29":14,"jujutsucraft:cursed_spirit_grade_28":7,"jujutsucraft:blue":6,"jujutsucraft:cursed_spirit_grade_314":64,"jujutsucraft:cockroaches":123,"jujutsucraft:bullet_skull":1,"jujutsucraft:cursed_spirit_grade_18":5,"jujutsucraft:cursed_spirit_grade_17":4,"jujutsucraft:todo_aoi":1,"jujutsucraft:uro_takako":2,"minecraft:glow_squid":5,"jujutsucraft:cursed_spirit_grade_110":5,"jujutsucraft:cursed_spirit_grade_315":74,"jujutsucraft:kashimo_hajime":1,"jujutsucraft:cursed_spirit_grade_212":24,"jujutsucraft:takaba_fumihiko":4,"jujutsucraft:ice_spear":81,"jujutsucraft:cursed_spirit_grade_06":5,"jujutsucraft:ino_takuma":1,"jujutsucraft:sea_serpent_mini":31,"minecraft:cow":4,"jujutsucraft:wooden_ball_1":16,"jujutsucraft:entity_tornado":4,"jujutsucraft:transfigured_human_3":33,"jujutsucraft:cursed_spirit_grade_21":1,"jujutsucraft:dhruv_lakdawalla":2,"jujutsucraft:reggie_star":2,"jujutsucraft:daido_hagane":1,"jujutsucraft:nanako":4,"jujutsucraft:charles_bernard":7,"jujutsucraft:needle":60,"jujutsucraft:yorozu":1,"jujutsucraft:liquid_metal":9,"jujutsucraft:cursed_spirit_grade_24":18,"jujutsucraft:energy_ball_white":1,"jujutsucraft:yoshino_junpei":1,"jujutsucraft:rock_fragment":14,"jujutsucraft:cursed_spirit_grade_318":66,"jujutsucraft:shikigami_heterocephalus_glaber":1,"jujutsucraft:mahito":3,"jujutsucraft:cursed_spirit_grade_316":26,"jujutsucraft:cursed_spirit_grade_26":15,"jujutsucraft:rika_2":1,"jujutsucraft:cursed_spirit_grade_22":9,"jujutsucraft:kumiya_juzo":8,"jujutsucraft:transfigured_human_2":25,"jujutsucraft:wooden_spear_2":10,"jujutsucraft:cursed_spirit_grade_03":10,"jujutsucraft:cursed_spirit_grade_01":3,"jujutsucraft:shikigami_pterosaur":6,"jujutsucraft:miwa_kasumi":2,"jujutsucraft:cursed_spirit_grade_04":1,"jujutsucraft:wooden_spear_1":11,"jujutsucraft:cursed_spirit_grade_05":4,"jujutsucraft:fox_fire":97,"jujutsucraft:shigemo_haruta":8,"jujutsucraft:okkotsu_yuta":1,"jujutsucraft:body_repel":20,"jujutsucraft:cursed_spirit_grade_312":21,"jujutsucraft:cursed_spirit_grade_313":23,"jujutsucraft:kechizu":2,"minecraft:llama":1,"jujutsucraft:sea_serpent":13,"jujutsucraft:toad":1,"jujutsucraft:jogo_ash":1,"jujutsucraft:rozetsu_shikigami":53,"jujutsucraft:gojo_satoru_school_days":1,"jujutsucraft:cursed_spirit_grade_08":8,"jujutsucraft:cursed_spirit_grade_23":11,"jujutsucraft:itadori_yuji_shibuya":1,"jujutsucraft:eso":2,"jujutsucraft:cursed_spirit_grade_317":51,"jujutsucraft:cockroach_larva":2,"jujutsucraft:transfigured_human_1":19,"jujutsucraft:kurusu_hana":2,"jujutsucraft:cursed_spirit_grade_27":10,"jujutsucraft:okkotsu_yuta_culling_game":2,"jujutsucraft:dagon_2":1,"jujutsucraft:uraume":2,"jujutsucraft:cursed_spirit_grade_210":10,"jujutsucraft:dagon_1":2,"jujutsucraft:kukuru":3,"jujutsucraft:ice_spear_2":85,"jujutsucraft:jujutsu_sorcerer":2,"minecraft:rabbit":2,"jujutsucraft:piercing_ox":1,"minecraft:bat":823,"jujutsucraft:zenin_maki":2,"jujutsucraft:coffin":4,"jujutsucraft:hakari_kinji":1,"jujutsucraft:curse_user":27,"jujutsucraft:mechamaru":1,"jujutsucraft:yaga_masamichi":3,"minecraft:squid":9,"jujutsucraft:cursed_spirit_grade_321":54,"jujutsucraft:rozetsu":9,"jujutsucraft:entity_scissors":12,"jujutsucraft:cursed_spirit_grade_14":12,"jujutsucraft:cursed_spirit_grade_311":13,"jujutsucraft:cursed_spirit_grade_310":28,"jujutsucraft:cursed_spirit_grade_13":2,"jujutsucraft:negi_toshihisa":5,"jujutsucraft:cursed_spirit_grade_36":81,"jujutsucraft:sukuna":1,"jujutsucraft:cursed_spirit_grade_25":20,"jujutsucraft:hanami":6,"jujutsucraft:moon_dregs":2,"jujutsucraft:cursed_spirit_grade_319":49,"jujutsucraft:cursed_spirit_grade_02":2,"jujutsucraft:cursed_spirit_grade_322":47,"jujutsucraft:geto_suguru_curse_user":1,"minecraft:villager":4,"jujutsucraft:kamo_noritoshi":1,"jujutsucraft:q":14,"jujutsucraft:gravestone_3":15,"jujutsucraft:ogami":6},"minecraft:used":{"jujutsucraft:jogo_spawn_egg":9,"jujutsucraft:sukuna_perfect_spawn_egg":2,"jujutsucraft:sukuna_finger":3,"jujutsucraft:mahoraga_body_helmet":2,"jujutsucraft:rika_body_helmet":2,"jujutsucraft:rika_body_chestplate":2,"jujutsucraft:sword_okkotsu_yuta":31,"jujutsucraft:gojo_satoru_spawn_egg":2,"jujutsucraft:uniform_normal_leggings":1,"minecraft:dirt":4,"minecraft:basalt":2,"jujutsucraft:uniform_okkotsu_chestplate":2,"jujutsucraft:uniform_normal_boots":1,"jujutsucraft:cursed_spirit_armoury_chestplate":2,"jujutsucraft:uniform_normal_chestplate":1,"jujutsucraft:clothes_ishigori_chestplate":1,"minecraft:yellow_bed":6,"jujutsucraft:sukuna_fushiguro_spawn_egg":3},"minecraft:picked_up":{"minecraft:seagrass":2,"minecraft:birch_door":1,"jujutsucraft:clothes_hakari_kinji_boots":5,"jujutsucraft:insect_armor_chestplate":3,"jujutsucraft:uniform_normal_boots":3,"minecraft:oak_stairs":2,"minecraft:smooth_stone_slab":3,"jujutsucraft:sword_black":2,"minecraft:stick":3,"jujutsucraft:sword_okkotsu_yuta":2,"minecraft:snow_block":1,"jujutsucraft:clothes_nanami_helmet":2,"minecraft:diorite":40,"jujutsucraft:uniform_q_leggings":1,"minecraft:andesite_wall":5,"jujutsucraft:clothes_ishigori_chestplate":3,"jujutsucraft:naginata":2,"minecraft:cyan_terracotta":2,"jujutsucraft:clothes_kusakabe_leggings":1,"jujutsucraft:clothes_kusakabe_chestplate":3,"jujutsucraft:mahoraga_body_helmet":2,"minecraft:feather":1,"minecraft:birch_slab":1,"minecraft:cherry_leaves":1,"minecraft:andesite":30,"minecraft:powder_snow_bucket":2,"minecraft:gray_concrete":68,"minecraft:dirt":133,"jujutsucraft:pendant_todo_aoi":3,"minecraft:leather_boots":1,"minecraft:bone":1,"jujutsucraft:itadori_arm":1,"jujutsucraft:glasses_maki_helmet":1,"jujutsucraft:nyoi_staff":1,"jujutsucraft:uniform_gojo_chestplate":1,"jujutsucraft:harisen":2,"minecraft:ink_sac":29,"minecraft:grass_block":83,"minecraft:light_blue_terracotta":1,"jujutsucraft:clothes_nanami_chestplate":1,"minecraft:granite":9,"minecraft:grass":5,"jujutsucraft:copied_cursed_technique":6,"minecraft:white_concrete":9,"jujutsucraft:costume_takaba_leggings":1,"minecraft:oak_leaves":2,"minecraft:spruce_leaves":78,"minecraft:chicken":2,"minecraft:turtle_helmet":1,"minecraft:leather_leggings":3,"minecraft:packed_ice":10,"minecraft:large_fern":2,"minecraft:snow":62,"minecraft:item_frame":46,"jujutsucraft:uniform_higuruma_chestplate":1,"jujutsucraft:sword_shigemo":1,"minecraft:spruce_slab":1,"minecraft:egg":1,"minecraft:copper_ore":5,"jujutsucraft:wing_king_chestplate":1,"minecraft:stone":578,"jujutsucraft:sickle":2,"jujutsucraft:playful_cloud":5,"minecraft:mutton":4,"minecraft:white_wool":2,"jujutsucraft:rika_body_helmet":1,"minecraft:basalt":4,"jujutsucraft:uniform_gojo_boots":4,"minecraft:glow_ink_sac":105,"minecraft:salmon":55,"minecraft:fern":1,"minecraft:ice":6,"jujutsucraft:sukuna_finger":4,"minecraft:yellow_bed":6,"jujutsucraft:inverted_spear_of_heaven":1,"jujutsucraft:uniform_normal_leggings":1,"jujutsucraft:clothes_jogo_chestplate":1,"jujutsucraft:sword_miwa_kasumi":2,"jujutsucraft:clothes_miguel_leggings":3,"jujutsucraft:jogo_spawn_egg":107,"jujutsucraft:dragon_bone":3,"minecraft:gravel":14,"minecraft:spruce_sapling":5,"jujutsucraft:cursed_spirit_armoury_chestplate":2,"jujutsucraft:sunglasses_helmet":1,"minecraft:spruce_door":7,"minecraft:coal_ore":9,"jujutsucraft:rika_body_chestplate":3,"minecraft:painting":24,"jujutsucraft:clothes_miguel_chestplate":2,"minecraft:black_wool":1},"minecraft:dropped":{"jujutsucraft:costume_takaba_leggings":1,"minecraft:glow_ink_sac":105,"jujutsucraft:sword_shigemo":1,"jujutsucraft:clothes_hakari_kinji_boots":5,"jujutsucraft:sickle":2,"jujutsucraft:uniform_q_leggings":1,"jujutsucraft:clothes_nanami_helmet":2,"jujutsucraft:clothes_angel_helmet":1,"minecraft:item_frame":46,"minecraft:spruce_leaves":14,"minecraft:cyan_terracotta":2,"minecraft:dirt":122,"minecraft:gray_concrete":68,"minecraft:grass":5,"minecraft:packed_ice":10,"jujutsucraft:uniform_higuruma_chestplate":1,"minecraft:ice":6,"minecraft:large_fern":2,"minecraft:mutton":2,"minecraft:seagrass":1,"jujutsucraft:sukuna_perfect_spawn_egg":2,"jujutsucraft:clothes_miguel_chestplate":2,"minecraft:cherry_leaves":1,"jujutsucraft:sunglasses_helmet":1,"jujutsucraft:jogo_spawn_egg":168,"jujutsucraft:pendant_todo_aoi":3,"minecraft:white_wool":2,"jujutsucraft:sukuna_finger":1,"jujutsucraft:rika_body_chestplate":5,"minecraft:bone":1,"jujutsucraft:nyoi_staff":1,"minecraft:gravel":11,"jujutsucraft:uniform_gojo_boots":4,"jujutsucraft:sword_miwa_kasumi":2,"jujutsucraft:copied_cursed_technique":88,"jujutsucraft:mahoraga_body_helmet":3,"jujutsucraft:naginata":2,"minecraft:salmon":55,"minecraft:turtle_helmet":1,"minecraft:coal_ore":6,"jujutsucraft:clothes_kusakabe_leggings":1,"minecraft:leather_boots":1,"minecraft:birch_door":1,"jujutsucraft:harisen":2,"minecraft:leather_leggings":3,"minecraft:painting":24,"minecraft:spruce_slab":1,"minecraft:basalt":2,"jujutsucraft:inverted_spear_of_heaven":1,"minecraft:oak_leaves":1,"jujutsucraft:uniform_gojo_chestplate":1,"minecraft:egg":1,"minecraft:feather":1,"minecraft:andesite_wall":5,"jujutsucraft:sword_black":2,"jujutsucraft:glasses_maki_helmet":1,"minecraft:granite":9,"minecraft:spruce_door":7,"minecraft:grass_block":17,"minecraft:stick":3,"minecraft:diorite":39,"minecraft:ink_sac":29,"jujutsucraft:insect_armor_chestplate":2,"minecraft:white_concrete":9,"minecraft:oak_stairs":4,"jujutsucraft:dragon_bone":3,"jujutsucraft:clothes_nanami_chestplate":1,"jujutsucraft:rika_body_helmet":2,"minecraft:spruce_sapling":5,"minecraft:snow_block":1,"jujutsucraft:cursed_spirit_armoury_chestplate":3,"jujutsucraft:uniform_normal_leggings":2,"jujutsucraft:playful_cloud":4,"minecraft:smooth_stone_slab":3,"jujutsucraft:clothes_ishigori_chestplate":3,"minecraft:chicken":2,"jujutsucraft:sword_okkotsu_yuta":3,"jujutsucraft:itadori_arm":1,"jujutsucraft:uniform_normal_chestplate":1,"minecraft:copper_ore":3,"minecraft:snow":58,"jujutsucraft:clothes_miguel_leggings":3,"minecraft:stone":421,"minecraft:powder_snow_bucket":2,"minecraft:andesite":30,"jujutsucraft:sword_kusakabe":1,"jujutsucraft:wing_king_chestplate":2,"jujutsucraft:uniform_okkotsu_chestplate":1,"jujutsucraft:clothes_kusakabe_chestplate":3,"jujutsucraft:sukuna_fushiguro_spawn_egg":1,"minecraft:light_blue_terracotta":1,"jujutsucraft:uniform_normal_boots":4,"jujutsucraft:clothes_jogo_chestplate":1,"minecraft:black_wool":1},"minecraft:custom":{"minecraft:open_barrel":16,"minecraft:leave_game":31,"minecraft:time_since_death":53621,"minecraft:damage_resisted":312071,"minecraft:sprint_one_cm":3632229,"minecraft:drop":1298,"minecraft:talked_to_villager":1,"minecraft:play_time":491468,"minecraft:deaths":125,"minecraft:jump":8687,"minecraft:walk_on_water_one_cm":87699,"minecraft:sleep_in_bed":4,"minecraft:damage_dealt":5710,"minecraft:crouch_one_cm":858,"minecraft:mob_kills":3689,"minecraft:damage_dealt_resisted":1998404,"minecraft:climb_one_cm":6543,"minecraft:walk_one_cm":1686864,"minecraft:sneak_time":2879,"minecraft:walk_under_water_one_cm":35830,"minecraft:total_world_time":491468,"minecraft:time_since_rest":53653,"minecraft:damage_taken":107277,"minecraft:swim_one_cm":21689,"minecraft:fly_one_cm":11016695,"minecraft:open_chest":2,"minecraft:fall_one_cm":260369}},"DataVersion":3465}