{"stats":{"minecraft:killed_by":{"jujutsucraft:cursed_spirit_grade_214":2,"jujutsucraft:cursed_spirit_grade_01":6,"jujutsucraft:zenin_naobito":1,"jujutsucraft:cursed_spirit_grade_15":1,"jujutsucraft:cursed_spirit_grade_14":6,"jujutsucraft:kenjaku":2,"jujutsucraft:charles_bernard":3,"jujutsucraft:cursed_spirit_grade_03":1,"jujutsucraft:cursed_spirit_grade_22":8,"jujutsucraft:cursed_spirit_grade_26":1,"jujutsucraft:cursed_spirit_grade_213":2,"jujutsucraft:cursed_spirit_grade_211":1,"jujutsucraft:uzumaki":1,"jujutsucraft:cursed_spirit_grade_08":1,"jujutsucraft:fushiguro_toji":1,"jujutsucraft:sukuna":3,"jujutsucraft:cursed_spirit_grade_318":1,"jujutsucraft:fushiguro_toji_bug":3,"jujutsucraft:eso":1,"jujutsucraft:rozetsu":1,"jujutsucraft:cursed_spirit_grade_212":1,"jujutsucraft:zenin_maki":1,"jujutsucraft:daido_hagane":1,"jujutsucraft:sukuna_fushiguro":1,"jujutsucraft:kechizu":1,"jujutsucraft:zenin_jinichi":1,"jujutsucraft:jogo":1,"jujutsucraft:uraume":6,"jujutsucraft:ishigori_ryu":12,"jujutsucraft:q":1,"jujutsucraft:cursed_spirit_grade_18":1,"jujutsucraft:cursed_spirit_grade_06":1,"jujutsucraft:cursed_spirit_grade_32":1,"jujutsucraft:cursed_spirit_grade_02":1,"jujutsucraft:rika":1,"jujutsucraft:jujutsu_sorcerer":1},"minecraft:mined":{"minecraft:grass_block":7,"minecraft:azalea":3,"minecraft:flowering_azalea":1,"minecraft:powder_snow":2,"minecraft:dead_bush":1,"minecraft:yellow_bed":6,"minecraft:grass":5,"minecraft:dirt":5,"minecraft:oak_leaves":7},"minecraft:killed":{"jujutsucraft:cursed_spirit_grade_32":14,"jujutsucraft:cursed_spirit_grade_21":1,"jujutsucraft:transfigured_human_3":5,"jujutsucraft:cursed_spirit_grade_31":4,"jujutsucraft:inumaki_toge":1,"jujutsucraft:cursed_spirit_grade_33":11,"jujutsucraft:nanako":2,"jujutsucraft:cursed_spirit_grade_11":1,"jujutsucraft:charles_bernard":3,"jujutsucraft:doll_1":8,"jujutsucraft:cursed_spirit_grade_12":1,"jujutsucraft:cursed_spirit_grade_24":3,"jujutsucraft:cursed_spirit_grade_35":4,"jujutsucraft:rock_fragment":3,"jujutsucraft:cursed_spirit_grade_318":15,"jujutsucraft:mahito":1,"jujutsucraft:cursed_spirit_grade_316":9,"jujutsucraft:cursed_spirit_grade_26":4,"jujutsucraft:transfigured_human_2":4,"jujutsucraft:kumiya_juzo":3,"jujutsucraft:cursed_spirit_grade_22":2,"jujutsucraft:wooden_spear_2":2,"jujutsucraft:cursed_spirit_grade_03":2,"jujutsucraft:miwa_kasumi":1,"jujutsucraft:cursed_spirit_grade_39":28,"jujutsucraft:fox_fire":35,"jujutsucraft:shigemo_haruta":1,"jujutsucraft:cursed_spirit_grade_312":2,"jujutsucraft:cursed_spirit_grade_313":7,"jujutsucraft:cursed_spirit_grade_215":2,"jujutsucraft:cursed_spirit_grade_15":2,"jujutsucraft:kechizu":1,"jujutsucraft:cursed_spirit_grade_16":3,"jujutsucraft:rozetsu_shikigami":4,"jujutsucraft:fist":14,"jujutsucraft:cursed_spirit_grade_08":1,"jujutsucraft:cursed_spirit_grade_23":2,"jujutsucraft:cursed_spirit_grade_214":2,"jujutsucraft:cursed_spirit_grade_317":9,"jujutsucraft:cursed_spirit_grade_38":4,"jujutsucraft:cursed_spirit_grade_34":10,"jujutsucraft:nanami_kento":2,"jujutsucraft:transfigured_human_1":4,"jujutsucraft:cursed_spirit_grade_27":3,"jujutsucraft:ember_insect":1,"jujutsucraft:kusakabe_yatsuya":1,"jujutsucraft:cursed_spirit_grade_210":3,"minecraft:wolf":1,"jujutsucraft:ice_spear_2":7,"minecraft:salmon":17,"jujutsucraft:cursed_spirit_grade_213":5,"jujutsucraft:awasaka_jiro":3,"minecraft:bat":130,"jujutsucraft:zenin_maki":1,"jujutsucraft:bathynomus_giganteus":2,"jujutsucraft:curse_user_1":5,"jujutsucraft:cursed_spirit_grade_211":3,"jujutsucraft:curse_user":11,"jujutsucraft:cursed_spirit_grade_07":1,"jujutsucraft:yaga_masamichi":1,"minecraft:squid":2,"jujutsucraft:cursed_spirit_grade_321":10,"minecraft:sheep":1,"jujutsucraft:jogo":1,"jujutsucraft:cursed_spirit_grade_28":3,"jujutsucraft:cursed_spirit_grade_29":3,"jujutsucraft:cursed_spirit_grade_314":15,"jujutsucraft:entity_scissors":2,"jujutsucraft:cursed_spirit_grade_14":2,"jujutsucraft:cursed_spirit_grade_311":3,"jujutsucraft:cursed_spirit_grade_310":1,"jujutsucraft:negi_toshihisa":2,"jujutsucraft:cursed_spirit_grade_18":2,"jujutsucraft:cursed_spirit_grade_17":2,"jujutsucraft:cursed_spirit_grade_36":32,"jujutsucraft:uro_takako":1,"jujutsucraft:cursed_spirit_grade_25":3,"minecraft:glow_squid":4,"jujutsucraft:hanami":1,"jujutsucraft:cursed_spirit_grade_110":2,"jujutsucraft:cursed_spirit_grade_315":20,"jujutsucraft:cursed_spirit_grade_212":4,"jujutsucraft:cursed_spirit_grade_02":1,"jujutsucraft:cursed_spirit_grade_319":12,"jujutsucraft:ice_spear":20,"jujutsucraft:cursed_spirit_grade_322":8,"jujutsucraft:ino_takuma":1,"jujutsucraft:wooden_ball_1":5,"jujutsucraft:q":4,"jujutsucraft:gravestone_3":2,"jujutsucraft:ogami":5},"minecraft:used":{"minecraft:dirt":4,"jujutsucraft:mahoraga_body_helmet":2,"minecraft:basalt":2,"jujutsucraft:rika_body_helmet":2,"jujutsucraft:uniform_okkotsu_chestplate":2,"jujutsucraft:uniform_normal_boots":1,"jujutsucraft:rika_body_chestplate":2,"jujutsucraft:cursed_spirit_armoury_chestplate":2,"jujutsucraft:uniform_normal_chestplate":1,"jujutsucraft:clothes_ishigori_chestplate":1,"jujutsucraft:sword_okkotsu_yuta":31,"jujutsucraft:uniform_normal_leggings":1,"minecraft:yellow_bed":6},"minecraft:picked_up":{"minecraft:spruce_leaves":12,"minecraft:birch_door":1,"jujutsucraft:clothes_hakari_kinji_boots":5,"minecraft:leather_leggings":3,"minecraft:turtle_helmet":1,"jujutsucraft:uniform_normal_boots":2,"minecraft:packed_ice":6,"minecraft:large_fern":2,"minecraft:smooth_stone_slab":3,"minecraft:snow":55,"minecraft:item_frame":46,"jujutsucraft:uniform_higuruma_chestplate":1,"jujutsucraft:sword_shigemo":1,"minecraft:spruce_slab":1,"minecraft:copper_ore":2,"minecraft:egg":1,"minecraft:stick":1,"minecraft:stone":206,"jujutsucraft:sword_okkotsu_yuta":2,"minecraft:snow_block":1,"jujutsucraft:clothes_nanami_helmet":2,"minecraft:diorite":12,"jujutsucraft:uniform_q_leggings":1,"minecraft:andesite_wall":5,"jujutsucraft:clothes_ishigori_chestplate":1,"jujutsucraft:naginata":2,"minecraft:cyan_terracotta":2,"jujutsucraft:clothes_kusakabe_leggings":1,"minecraft:mutton":2,"minecraft:white_wool":1,"jujutsucraft:mahoraga_body_helmet":2,"jujutsucraft:rika_body_helmet":1,"jujutsucraft:clothes_kusakabe_chestplate":3,"minecraft:basalt":4,"jujutsucraft:uniform_gojo_boots":2,"minecraft:cherry_leaves":1,"minecraft:andesite":12,"minecraft:yellow_bed":6,"minecraft:gray_concrete":62,"minecraft:dirt":112,"minecraft:leather_boots":1,"minecraft:bone":1,"jujutsucraft:clothes_jogo_chestplate":1,"jujutsucraft:clothes_miguel_leggings":3,"jujutsucraft:glasses_maki_helmet":1,"jujutsucraft:dragon_bone":2,"jujutsucraft:nyoi_staff":1,"jujutsucraft:cursed_spirit_armoury_chestplate":2,"minecraft:grass_block":5,"minecraft:spruce_sapling":4,"jujutsucraft:uniform_gojo_chestplate":1,"minecraft:ink_sac":2,"jujutsucraft:sunglasses_helmet":1,"minecraft:spruce_door":7,"minecraft:coal_ore":3,"minecraft:light_blue_terracotta":1,"jujutsucraft:clothes_nanami_chestplate":1,"jujutsucraft:rika_body_chestplate":3,"minecraft:granite":9,"minecraft:white_concrete":9,"minecraft:painting":24,"minecraft:grass":5,"jujutsucraft:clothes_miguel_chestplate":2,"minecraft:black_wool":1},"minecraft:dropped":{"jujutsucraft:sword_shigemo":1,"minecraft:andesite_wall":5,"jujutsucraft:clothes_hakari_kinji_boots":5,"jujutsucraft:glasses_maki_helmet":1,"minecraft:granite":9,"jujutsucraft:uniform_q_leggings":1,"jujutsucraft:clothes_nanami_helmet":2,"minecraft:spruce_door":7,"minecraft:grass_block":3,"minecraft:item_frame":46,"minecraft:stick":1,"minecraft:spruce_leaves":12,"minecraft:cyan_terracotta":2,"minecraft:gray_concrete":55,"minecraft:dirt":108,"minecraft:grass":5,"minecraft:packed_ice":5,"jujutsucraft:uniform_higuruma_chestplate":1,"minecraft:diorite":12,"minecraft:ink_sac":2,"minecraft:large_fern":2,"minecraft:mutton":2,"minecraft:white_concrete":9,"jujutsucraft:clothes_miguel_chestplate":2,"minecraft:cherry_leaves":1,"jujutsucraft:sunglasses_helmet":1,"jujutsucraft:dragon_bone":2,"jujutsucraft:clothes_nanami_chestplate":1,"minecraft:white_wool":1,"jujutsucraft:rika_body_helmet":2,"minecraft:spruce_sapling":4,"jujutsucraft:rika_body_chestplate":5,"minecraft:bone":1,"minecraft:snow_block":1,"jujutsucraft:nyoi_staff":1,"jujutsucraft:uniform_gojo_boots":1,"jujutsucraft:cursed_spirit_armoury_chestplate":3,"jujutsucraft:uniform_normal_leggings":1,"minecraft:smooth_stone_slab":3,"jujutsucraft:sword_okkotsu_yuta":3,"jujutsucraft:mahoraga_body_helmet":3,"jujutsucraft:copied_cursed_technique":5,"jujutsucraft:naginata":2,"jujutsucraft:uniform_normal_chestplate":1,"minecraft:copper_ore":2,"minecraft:snow":55,"jujutsucraft:clothes_miguel_leggings":2,"minecraft:turtle_helmet":1,"minecraft:stone":181,"minecraft:coal_ore":3,"minecraft:andesite":12,"jujutsucraft:clothes_kusakabe_leggings":1,"jujutsucraft:sword_kusakabe":1,"minecraft:leather_boots":1,"minecraft:birch_door":1,"minecraft:leather_leggings":3,"minecraft:basalt":2,"minecraft:painting":24,"minecraft:spruce_slab":1,"jujutsucraft:clothes_kusakabe_chestplate":3,"jujutsucraft:uniform_okkotsu_chestplate":1,"minecraft:light_blue_terracotta":1,"jujutsucraft:uniform_normal_boots":3,"jujutsucraft:clothes_jogo_chestplate":1,"minecraft:black_wool":1,"jujutsucraft:uniform_gojo_chestplate":1,"minecraft:egg":1},"minecraft:custom":{"minecraft:mob_kills":718,"minecraft:open_barrel":4,"minecraft:damage_dealt_resisted":369052,"minecraft:leave_game":8,"minecraft:time_since_death":3199,"minecraft:climb_one_cm":6324,"minecraft:damage_resisted":76936,"minecraft:sprint_one_cm":1571304,"minecraft:walk_one_cm":626666,"minecraft:drop":603,"minecraft:talked_to_villager":1,"minecraft:play_time":165907,"minecraft:deaths":83,"minecraft:sneak_time":35,"minecraft:walk_under_water_one_cm":1874,"minecraft:jump":3443,"minecraft:walk_on_water_one_cm":13427,"minecraft:total_world_time":165907,"minecraft:sleep_in_bed":4,"minecraft:time_since_rest":3233,"minecraft:damage_taken":47913,"minecraft:damage_dealt":416,"minecraft:swim_one_cm":6946,"minecraft:fly_one_cm":1734328,"minecraft:open_chest":2,"minecraft:crouch_one_cm":6,"minecraft:fall_one_cm":188900}},"DataVersion":3465}