{"stats":{"minecraft:killed_by":{"jujutsucraft:cursed_spirit_grade_214":2,"jujutsucraft:kechizu":1,"jujutsucraft:q":1,"jujutsucraft:cursed_spirit_grade_14":2,"jujutsucraft:cursed_spirit_grade_318":1,"jujutsucraft:charles_bernard":1,"jujutsucraft:uraume":1,"jujutsucraft:cursed_spirit_grade_32":1,"jujutsucraft:cursed_spirit_grade_03":1,"jujutsucraft:cursed_spirit_grade_22":5,"jujutsucraft:ishigori_ryu":2,"jujutsucraft:cursed_spirit_grade_02":1,"jujutsucraft:cursed_spirit_grade_26":1,"jujutsucraft:cursed_spirit_grade_212":1,"jujutsucraft:cursed_spirit_grade_213":1,"jujutsucraft:jujutsu_sorcerer":1,"jujutsucraft:cursed_spirit_grade_211":1},"minecraft:mined":{"minecraft:yellow_bed":4,"minecraft:grass":5,"minecraft:grass_block":7,"minecraft:dead_bush":1,"minecraft:dirt":5,"minecraft:oak_leaves":7},"minecraft:killed":{"jujutsucraft:cursed_spirit_grade_32":8,"jujutsucraft:transfigured_human_3":1,"jujutsucraft:cursed_spirit_grade_39":6,"minecraft:wolf":1,"jujutsucraft:cursed_spirit_grade_33":2,"jujutsucraft:cursed_spirit_grade_314":11,"jujutsucraft:cursed_spirit_grade_313":1,"jujutsucraft:cursed_spirit_grade_311":2,"jujutsucraft:nanako":1,"jujutsucraft:negi_toshihisa":1,"jujutsucraft:cursed_spirit_grade_36":12,"jujutsucraft:cursed_spirit_grade_213":1,"jujutsucraft:awasaka_jiro":1,"jujutsucraft:cursed_spirit_grade_35":1,"jujutsucraft:cursed_spirit_grade_26":1,"jujutsucraft:cursed_spirit_grade_316":2,"jujutsucraft:cursed_spirit_grade_318":3,"jujutsucraft:cursed_spirit_grade_317":2,"jujutsucraft:cursed_spirit_grade_315":5,"jujutsucraft:curse_user_1":1,"jujutsucraft:cursed_spirit_grade_38":2,"jujutsucraft:cursed_spirit_grade_34":6,"jujutsucraft:cursed_spirit_grade_319":4,"jujutsucraft:curse_user":5,"jujutsucraft:cursed_spirit_grade_322":2,"jujutsucraft:q":2,"jujutsucraft:cursed_spirit_grade_321":2,"jujutsucraft:ogami":3},"minecraft:used":{"jujutsucraft:sword_okkotsu_yuta":23,"jujutsucraft:uniform_okkotsu_chestplate":2,"jujutsucraft:uniform_normal_boots":1,"minecraft:dirt":4,"jujutsucraft:uniform_normal_leggings":1,"minecraft:yellow_bed":4,"jujutsucraft:uniform_normal_chestplate":1},"minecraft:picked_up":{"minecraft:spruce_leaves":4,"minecraft:spruce_sapling":2,"minecraft:yellow_bed":4,"minecraft:grass_block":1,"minecraft:dirt":12,"jujutsucraft:uniform_q_leggings":1,"minecraft:large_fern":1,"minecraft:snow":1,"jujutsucraft:naginata":1,"minecraft:grass":5,"minecraft:egg":1},"minecraft:dropped":{"minecraft:grass":1,"jujutsucraft:sword_kusakabe":1,"jujutsucraft:uniform_normal_chestplate":1},"minecraft:custom":{"minecraft:time_since_rest":1227,"minecraft:sprint_one_cm":388500,"minecraft:damage_taken":11140,"minecraft:walk_one_cm":178459,"minecraft:mob_kills":99,"minecraft:drop":3,"minecraft:swim_one_cm":6946,"minecraft:fly_one_cm":513536,"minecraft:open_chest":1,"minecraft:play_time":65059,"minecraft:deaths":26,"minecraft:sneak_time":6,"minecraft:walk_under_water_one_cm":1874,"minecraft:damage_dealt_resisted":14795,"minecraft:jump":1865,"minecraft:leave_game":8,"minecraft:time_since_death":1196,"minecraft:walk_on_water_one_cm":12763,"minecraft:sleep_in_bed":3,"minecraft:total_world_time":65059,"minecraft:climb_one_cm":4379,"minecraft:damage_resisted":4515,"minecraft:fall_one_cm":74999}},"DataVersion":3465}