{"stats":{"minecraft:killed_by":{"jujutsucraft:cursed_spirit_grade_214":2,"jujutsucraft:q":1,"jujutsucraft:cursed_spirit_grade_318":1,"jujutsucraft:charles_bernard":1,"jujutsucraft:cursed_spirit_grade_03":1,"jujutsucraft:cursed_spirit_grade_22":1,"jujutsucraft:cursed_spirit_grade_26":1,"jujutsucraft:cursed_spirit_grade_211":1,"jujutsucraft:jujutsu_sorcerer":1},"minecraft:mined":{"minecraft:yellow_bed":2,"minecraft:grass":3,"minecraft:grass_block":1,"minecraft:dirt":4,"minecraft:oak_leaves":7},"minecraft:killed":{"jujutsucraft:cursed_spirit_grade_32":4,"jujutsucraft:cursed_spirit_grade_39":5,"jujutsucraft:cursed_spirit_grade_313":1,"jujutsucraft:cursed_spirit_grade_314":4,"jujutsucraft:nanako":1,"jujutsucraft:cursed_spirit_grade_213":1,"jujutsucraft:cursed_spirit_grade_36":6,"jujutsucraft:awasaka_jiro":1,"jujutsucraft:curse_user_1":1,"jujutsucraft:cursed_spirit_grade_34":5,"jujutsucraft:cursed_spirit_grade_38":1,"jujutsucraft:cursed_spirit_grade_317":2,"jujutsucraft:cursed_spirit_grade_318":3,"jujutsucraft:cursed_spirit_grade_315":3,"jujutsucraft:cursed_spirit_grade_316":1,"jujutsucraft:cursed_spirit_grade_319":1,"jujutsucraft:curse_user":3,"jujutsucraft:cursed_spirit_grade_322":2,"jujutsucraft:q":1,"jujutsucraft:ogami":3},"minecraft:picked_up":{"minecraft:yellow_bed":2,"minecraft:grass_block":1,"minecraft:dirt":5,"jujutsucraft:uniform_q_leggings":1,"jujutsucraft:naginata":1,"minecraft:grass":3},"minecraft:used":{"jujutsucraft:uniform_okkotsu_chestplate":2,"jujutsucraft:sword_okkotsu_yuta":11,"jujutsucraft:uniform_normal_boots":1,"minecraft:dirt":4,"jujutsucraft:uniform_normal_leggings":1,"minecraft:yellow_bed":2,"jujutsucraft:uniform_normal_chestplate":1},"minecraft:dropped":{"minecraft:grass":1,"jujutsucraft:sword_kusakabe":1,"jujutsucraft:uniform_normal_chestplate":1},"minecraft:custom":{"minecraft:time_since_rest":196,"minecraft:sprint_one_cm":214922,"minecraft:damage_taken":5087,"minecraft:walk_one_cm":97259,"minecraft:mob_kills":56,"minecraft:drop":3,"minecraft:swim_one_cm":1570,"minecraft:fly_one_cm":247256,"minecraft:open_chest":1,"minecraft:play_time":38849,"minecraft:deaths":12,"minecraft:sneak_time":5,"minecraft:walk_under_water_one_cm":26,"minecraft:jump":1136,"minecraft:damage_dealt_resisted":6452,"minecraft:leave_game":5,"minecraft:time_since_death":171,"minecraft:walk_on_water_one_cm":1238,"minecraft:sleep_in_bed":2,"minecraft:total_world_time":38849,"minecraft:climb_one_cm":2822,"minecraft:damage_resisted":586,"minecraft:fall_one_cm":42436}},"DataVersion":3465}