{"stats":{"minecraft:mined":{"minecraft:oak_leaves":7},"minecraft:used":{"jujutsucraft:sword_okkotsu_yuta":5,"jujutsucraft:uniform_okkotsu_chestplate":2,"jujutsucraft:uniform_normal_boots":1,"jujutsucraft:uniform_normal_chestplate":1,"jujutsucraft:uniform_normal_leggings":1},"minecraft:dropped":{"jujutsucraft:uniform_normal_chestplate":1},"minecraft:custom":{"minecraft:jump":159,"minecraft:time_since_rest":10697,"minecraft:leave_game":3,"minecraft:play_time":10697,"minecraft:sprint_one_cm":17899,"minecraft:damage_taken":390,"minecraft:time_since_death":10697,"minecraft:walk_one_cm":13502,"minecraft:total_world_time":10697,"minecraft:drop":1,"minecraft:fall_one_cm":10886,"minecraft:fly_one_cm":22961}},"DataVersion":3465}