{"stats":{"minecraft:killed_by":{"jujutsucraft:cursed_spirit_grade_214":2,"jujutsucraft:q":1,"jujutsucraft:cursed_spirit_grade_318":1,"jujutsucraft:charles_bernard":1,"jujutsucraft:uraume":1,"jujutsucraft:cursed_spirit_grade_32":1,"jujutsucraft:cursed_spirit_grade_03":1,"jujutsucraft:cursed_spirit_grade_22":3,"jujutsucraft:cursed_spirit_grade_02":1,"jujutsucraft:cursed_spirit_grade_26":1,"jujutsucraft:cursed_spirit_grade_213":1,"jujutsucraft:jujutsu_sorcerer":1,"jujutsucraft:cursed_spirit_grade_211":1},"minecraft:mined":{"minecraft:yellow_bed":3,"minecraft:grass":5,"minecraft:grass_block":1,"minecraft:dirt":4,"minecraft:oak_leaves":7},"minecraft:killed":{"jujutsucraft:cursed_spirit_grade_32":6,"jujutsucraft:cursed_spirit_grade_39":5,"jujutsucraft:cursed_spirit_grade_33":1,"jujutsucraft:cursed_spirit_grade_314":6,"jujutsucraft:cursed_spirit_grade_313":1,"jujutsucraft:cursed_spirit_grade_311":1,"jujutsucraft:nanako":1,"jujutsucraft:negi_toshihisa":1,"jujutsucraft:cursed_spirit_grade_36":8,"jujutsucraft:cursed_spirit_grade_213":1,"jujutsucraft:awasaka_jiro":1,"jujutsucraft:cursed_spirit_grade_35":1,"jujutsucraft:cursed_spirit_grade_26":1,"jujutsucraft:cursed_spirit_grade_316":2,"jujutsucraft:cursed_spirit_grade_318":3,"jujutsucraft:cursed_spirit_grade_317":2,"jujutsucraft:cursed_spirit_grade_315":5,"jujutsucraft:curse_user_1":1,"jujutsucraft:cursed_spirit_grade_38":2,"jujutsucraft:cursed_spirit_grade_34":5,"jujutsucraft:cursed_spirit_grade_319":3,"jujutsucraft:curse_user":5,"jujutsucraft:cursed_spirit_grade_322":2,"jujutsucraft:q":2,"jujutsucraft:cursed_spirit_grade_321":1,"jujutsucraft:ogami":3},"minecraft:picked_up":{"minecraft:yellow_bed":3,"minecraft:grass_block":1,"minecraft:dirt":5,"jujutsucraft:uniform_q_leggings":1,"jujutsucraft:naginata":1,"minecraft:grass":5},"minecraft:used":{"jujutsucraft:sword_okkotsu_yuta":14,"jujutsucraft:uniform_okkotsu_chestplate":2,"jujutsucraft:uniform_normal_boots":1,"minecraft:dirt":4,"jujutsucraft:uniform_normal_leggings":1,"minecraft:yellow_bed":3,"jujutsucraft:uniform_normal_chestplate":1},"minecraft:dropped":{"minecraft:grass":1,"jujutsucraft:sword_kusakabe":1,"jujutsucraft:uniform_normal_chestplate":1},"minecraft:custom":{"minecraft:time_since_rest":2044,"minecraft:sprint_one_cm":264440,"minecraft:damage_taken":7369,"minecraft:walk_one_cm":120926,"minecraft:mob_kills":77,"minecraft:drop":3,"minecraft:swim_one_cm":1570,"minecraft:fly_one_cm":368040,"minecraft:open_chest":1,"minecraft:play_time":47059,"minecraft:deaths":18,"minecraft:sneak_time":6,"minecraft:walk_under_water_one_cm":817,"minecraft:damage_dealt_resisted":11180,"minecraft:jump":1387,"minecraft:leave_game":8,"minecraft:time_since_death":2014,"minecraft:walk_on_water_one_cm":3897,"minecraft:sleep_in_bed":2,"minecraft:total_world_time":47059,"minecraft:climb_one_cm":3039,"minecraft:damage_resisted":1992,"minecraft:fall_one_cm":54084}},"DataVersion":3465}