{"stats":{"minecraft:killed_by":{"jujutsucraft:cursed_spirit_grade_214":2,"jujutsucraft:cursed_spirit_grade_01":6,"jujutsucraft:zenin_naobito":1,"jujutsucraft:cursed_spirit_grade_15":1,"jujutsucraft:cursed_spirit_grade_14":6,"jujutsucraft:kenjaku":2,"jujutsucraft:charles_bernard":3,"jujutsucraft:cursed_spirit_grade_03":1,"jujutsucraft:cursed_spirit_grade_22":8,"jujutsucraft:cursed_spirit_grade_26":1,"jujutsucraft:cursed_spirit_grade_213":2,"jujutsucraft:cursed_spirit_grade_211":1,"jujutsucraft:cursed_spirit_grade_08":1,"jujutsucraft:sukuna":3,"jujutsucraft:cursed_spirit_grade_318":1,"jujutsucraft:fushiguro_toji_bug":1,"jujutsucraft:eso":1,"jujutsucraft:rozetsu":1,"jujutsucraft:cursed_spirit_grade_212":1,"jujutsucraft:zenin_maki":1,"jujutsucraft:daido_hagane":1,"jujutsucraft:sukuna_fushiguro":1,"jujutsucraft:kechizu":1,"jujutsucraft:jogo":1,"jujutsucraft:uraume":6,"jujutsucraft:ishigori_ryu":12,"jujutsucraft:q":1,"jujutsucraft:cursed_spirit_grade_18":1,"jujutsucraft:cursed_spirit_grade_06":1,"jujutsucraft:cursed_spirit_grade_32":1,"jujutsucraft:cursed_spirit_grade_02":1,"jujutsucraft:rika":1,"jujutsucraft:jujutsu_sorcerer":1},"minecraft:mined":{"minecraft:grass_block":7,"minecraft:azalea":3,"minecraft:flowering_azalea":1,"minecraft:powder_snow":2,"minecraft:dead_bush":1,"minecraft:yellow_bed":6,"minecraft:grass":5,"minecraft:dirt":5,"minecraft:oak_leaves":7},"minecraft:killed":{"jujutsucraft:cursed_spirit_grade_32":10,"jujutsucraft:transfigured_human_3":3,"jujutsucraft:cursed_spirit_grade_31":3,"jujutsucraft:inumaki_toge":1,"jujutsucraft:cursed_spirit_grade_33":8,"jujutsucraft:nanako":2,"jujutsucraft:cursed_spirit_grade_11":1,"jujutsucraft:charles_bernard":3,"jujutsucraft:doll_1":8,"jujutsucraft:cursed_spirit_grade_12":1,"jujutsucraft:cursed_spirit_grade_24":2,"jujutsucraft:cursed_spirit_grade_35":2,"jujutsucraft:cursed_spirit_grade_318":10,"jujutsucraft:cursed_spirit_grade_316":7,"jujutsucraft:cursed_spirit_grade_26":4,"jujutsucraft:transfigured_human_2":3,"jujutsucraft:kumiya_juzo":2,"jujutsucraft:cursed_spirit_grade_22":1,"jujutsucraft:cursed_spirit_grade_03":1,"jujutsucraft:miwa_kasumi":1,"jujutsucraft:cursed_spirit_grade_39":19,"jujutsucraft:fox_fire":15,"jujutsucraft:shigemo_haruta":1,"jujutsucraft:cursed_spirit_grade_312":2,"jujutsucraft:cursed_spirit_grade_313":7,"jujutsucraft:cursed_spirit_grade_215":1,"jujutsucraft:cursed_spirit_grade_15":1,"jujutsucraft:cursed_spirit_grade_16":2,"jujutsucraft:rozetsu_shikigami":1,"jujutsucraft:cursed_spirit_grade_08":1,"jujutsucraft:cursed_spirit_grade_23":1,"jujutsucraft:cursed_spirit_grade_214":2,"jujutsucraft:cursed_spirit_grade_317":8,"jujutsucraft:cursed_spirit_grade_38":3,"jujutsucraft:cursed_spirit_grade_34":9,"jujutsucraft:transfigured_human_1":3,"jujutsucraft:ember_insect":1,"jujutsucraft:kusakabe_yatsuya":1,"jujutsucraft:cursed_spirit_grade_210":2,"minecraft:wolf":1,"jujutsucraft:ice_spear_2":3,"jujutsucraft:cursed_spirit_grade_213":4,"jujutsucraft:awasaka_jiro":2,"minecraft:bat":38,"jujutsucraft:zenin_maki":1,"jujutsucraft:bathynomus_giganteus":2,"jujutsucraft:curse_user_1":1,"jujutsucraft:cursed_spirit_grade_211":3,"jujutsucraft:curse_user":9,"jujutsucraft:cursed_spirit_grade_07":1,"jujutsucraft:yaga_masamichi":1,"minecraft:squid":1,"jujutsucraft:cursed_spirit_grade_321":7,"minecraft:sheep":1,"jujutsucraft:cursed_spirit_grade_28":2,"jujutsucraft:cursed_spirit_grade_29":2,"jujutsucraft:cursed_spirit_grade_314":14,"jujutsucraft:entity_scissors":2,"jujutsucraft:cursed_spirit_grade_14":2,"jujutsucraft:cursed_spirit_grade_311":2,"jujutsucraft:negi_toshihisa":2,"jujutsucraft:cursed_spirit_grade_17":2,"jujutsucraft:cursed_spirit_grade_36":30,"jujutsucraft:cursed_spirit_grade_110":1,"jujutsucraft:cursed_spirit_grade_315":15,"jujutsucraft:cursed_spirit_grade_212":1,"jujutsucraft:cursed_spirit_grade_319":11,"jujutsucraft:ice_spear":14,"jujutsucraft:cursed_spirit_grade_322":7,"jujutsucraft:q":4,"jujutsucraft:gravestone_3":2,"jujutsucraft:ogami":5},"minecraft:used":{"minecraft:dirt":4,"jujutsucraft:mahoraga_body_helmet":2,"jujutsucraft:rika_body_helmet":2,"jujutsucraft:uniform_okkotsu_chestplate":2,"jujutsucraft:uniform_normal_boots":1,"jujutsucraft:rika_body_chestplate":2,"jujutsucraft:cursed_spirit_armoury_chestplate":2,"jujutsucraft:uniform_normal_chestplate":1,"jujutsucraft:clothes_ishigori_chestplate":1,"jujutsucraft:sword_okkotsu_yuta":31,"jujutsucraft:uniform_normal_leggings":1,"minecraft:yellow_bed":6},"minecraft:picked_up":{"minecraft:spruce_leaves":10,"minecraft:leather_leggings":3,"minecraft:turtle_helmet":1,"minecraft:large_fern":2,"minecraft:snow":55,"minecraft:item_frame":18,"jujutsucraft:uniform_higuruma_chestplate":1,"jujutsucraft:sword_shigemo":1,"minecraft:spruce_slab":1,"minecraft:egg":1,"minecraft:stick":1,"minecraft:stone":6,"jujutsucraft:sword_okkotsu_yuta":1,"minecraft:snow_block":1,"jujutsucraft:clothes_nanami_helmet":1,"jujutsucraft:uniform_q_leggings":1,"jujutsucraft:clothes_ishigori_chestplate":1,"jujutsucraft:naginata":1,"jujutsucraft:clothes_kusakabe_leggings":1,"minecraft:mutton":2,"jujutsucraft:clothes_kusakabe_chestplate":3,"jujutsucraft:uniform_gojo_boots":1,"minecraft:andesite":2,"minecraft:yellow_bed":6,"minecraft:dirt":16,"minecraft:leather_boots":1,"minecraft:bone":1,"jujutsucraft:clothes_jogo_chestplate":1,"jujutsucraft:clothes_miguel_leggings":3,"jujutsucraft:glasses_maki_helmet":1,"jujutsucraft:dragon_bone":2,"jujutsucraft:nyoi_staff":1,"minecraft:grass_block":1,"minecraft:spruce_sapling":4,"jujutsucraft:uniform_gojo_chestplate":1,"minecraft:ink_sac":2,"jujutsucraft:sunglasses_helmet":1,"minecraft:spruce_door":3,"minecraft:light_blue_terracotta":1,"jujutsucraft:clothes_nanami_chestplate":1,"minecraft:painting":24,"minecraft:grass":5,"jujutsucraft:clothes_miguel_chestplate":2,"minecraft:black_wool":1},"minecraft:dropped":{"jujutsucraft:sword_shigemo":1,"jujutsucraft:glasses_maki_helmet":1,"jujutsucraft:uniform_q_leggings":1,"minecraft:spruce_door":3,"minecraft:grass_block":1,"minecraft:item_frame":4,"minecraft:stick":1,"minecraft:spruce_leaves":9,"minecraft:dirt":9,"minecraft:grass":5,"jujutsucraft:uniform_higuruma_chestplate":1,"minecraft:ink_sac":2,"minecraft:large_fern":2,"minecraft:mutton":2,"jujutsucraft:clothes_miguel_chestplate":2,"jujutsucraft:sunglasses_helmet":1,"jujutsucraft:dragon_bone":2,"jujutsucraft:clothes_nanami_chestplate":1,"minecraft:spruce_sapling":4,"minecraft:bone":1,"minecraft:snow_block":1,"jujutsucraft:nyoi_staff":1,"jujutsucraft:uniform_normal_leggings":1,"jujutsucraft:sword_okkotsu_yuta":1,"jujutsucraft:copied_cursed_technique":2,"jujutsucraft:uniform_normal_chestplate":1,"minecraft:snow":25,"jujutsucraft:clothes_miguel_leggings":2,"minecraft:turtle_helmet":1,"minecraft:stone":2,"jujutsucraft:clothes_kusakabe_leggings":1,"jujutsucraft:sword_kusakabe":1,"minecraft:leather_boots":1,"minecraft:leather_leggings":3,"minecraft:painting":24,"minecraft:spruce_slab":1,"jujutsucraft:clothes_kusakabe_chestplate":3,"jujutsucraft:uniform_okkotsu_chestplate":1,"minecraft:light_blue_terracotta":1,"jujutsucraft:clothes_jogo_chestplate":1,"minecraft:black_wool":1,"jujutsucraft:uniform_gojo_chestplate":1,"minecraft:egg":1},"minecraft:custom":{"minecraft:mob_kills":425,"minecraft:open_barrel":4,"minecraft:damage_dealt_resisted":181936,"minecraft:leave_game":8,"minecraft:time_since_death":3405,"minecraft:climb_one_cm":5851,"minecraft:damage_resisted":56975,"minecraft:sprint_one_cm":1399177,"minecraft:walk_one_cm":539133,"minecraft:drop":112,"minecraft:talked_to_villager":1,"minecraft:play_time":147907,"minecraft:deaths":78,"minecraft:sneak_time":35,"minecraft:walk_under_water_one_cm":1874,"minecraft:jump":3195,"minecraft:walk_on_water_one_cm":13427,"minecraft:total_world_time":147907,"minecraft:sleep_in_bed":4,"minecraft:time_since_rest":3447,"minecraft:damage_taken":42925,"minecraft:damage_dealt":0,"minecraft:swim_one_cm":6946,"minecraft:fly_one_cm":1513509,"minecraft:open_chest":2,"minecraft:crouch_one_cm":6,"minecraft:fall_one_cm":140579}},"DataVersion":3465}