{"stats":{"minecraft:killed_by":{"jujutsucraft:cursed_spirit_grade_214":2,"jujutsucraft:cursed_spirit_grade_01":6,"jujutsucraft:zenin_naobito":1,"jujutsucraft:cursed_spirit_grade_05":1,"jujutsucraft:charles_bernard":3,"jujutsucraft:cursed_spirit_grade_03":1,"jujutsucraft:cursed_spirit_grade_22":8,"jujutsucraft:cursed_spirit_grade_26":1,"jujutsucraft:cursed_spirit_grade_213":2,"jujutsucraft:cursed_spirit_grade_211":1,"jujutsucraft:uzumaki":2,"jujutsucraft:cursed_spirit_grade_08":1,"jujutsucraft:fushiguro_toji":3,"jujutsucraft:sukuna":3,"jujutsucraft:eso":1,"jujutsucraft:zenin_maki_culling_game":2,"jujutsucraft:cursed_spirit_grade_212":1,"jujutsucraft:daido_hagane":1,"jujutsucraft:uraume":6,"jujutsucraft:ishigori_ryu":13,"jujutsucraft:yorozu":1,"jujutsucraft:q":1,"jujutsucraft:cursed_spirit_grade_18":1,"jujutsucraft:cursed_spirit_grade_06":1,"jujutsucraft:eight_handled_swrod_divergent_sila_divine_general_mahoraga":2,"jujutsucraft:cursed_spirit_grade_32":1,"jujutsucraft:rika":1,"jujutsucraft:jujutsu_sorcerer":1,"jujutsucraft:gojo_satoru_school_days":1,"jujutsucraft:cursed_spirit_grade_15":1,"jujutsucraft:cursed_spirit_grade_14":6,"jujutsucraft:cursed_spirit_grade_312":1,"jujutsucraft:kenjaku":2,"jujutsucraft:cursed_spirit_grade_318":1,"jujutsucraft:fushiguro_toji_bug":3,"jujutsucraft:gojo_satoru":1,"jujutsucraft:rozetsu":1,"jujutsucraft:rika_2":1,"jujutsucraft:zenin_maki":1,"jujutsucraft:sukuna_fushiguro":4,"jujutsucraft:kechizu":1,"jujutsucraft:okkotsu_yuta_culling_game":1,"jujutsucraft:zenin_jinichi":1,"jujutsucraft:jogo":1,"jujutsucraft:cursed_spirit_grade_02":1},"minecraft:mined":{"minecraft:grass_block":7,"minecraft:azalea":3,"minecraft:powder_snow":2,"minecraft:dead_bush":1,"minecraft:grass":5,"minecraft:dirt":5,"minecraft:oak_leaves":7,"minecraft:packed_ice":1,"minecraft:flowering_azalea":1,"minecraft:yellow_bed":6},"minecraft:killed":{"jujutsucraft:cursed_spirit_grade_32":34,"jujutsucraft:cursed_spirit_grade_31":10,"jujutsucraft:inumaki_toge":3,"jujutsucraft:cursed_spirit_grade_33":36,"jujutsucraft:ishigori_ryu":1,"jujutsucraft:cursed_spirit_grade_11":3,"jujutsucraft:zenin_naobito":1,"jujutsucraft:doll_1":22,"jujutsucraft:cursed_spirit_grade_12":8,"jujutsucraft:earthen_insect_trance":3,"jujutsucraft:fushiguro_megumi_shibuya":1,"jujutsucraft:cursed_spirit_grade_37":3,"jujutsucraft:cursed_spirit_grade_35":7,"jujutsucraft:cursed_spirit_grade_39":64,"jujutsucraft:larue":4,"jujutsucraft:cursed_spirit_grade_215":7,"jujutsucraft:fushiguro_toji_bug":1,"jujutsucraft:cursed_spirit_grade_15":4,"minecraft:chicken":1,"jujutsucraft:cursed_spirit_grade_19":2,"jujutsucraft:cursed_spirit_grade_16":6,"jujutsucraft:fushiguro_toji":1,"jujutsucraft:fist":48,"jujutsucraft:cursed_spirit_grade_214":3,"jujutsucraft:cursed_spirit_grade_38":16,"jujutsucraft:cursed_spirit_grade_34":28,"jujutsucraft:nanami_kento":2,"jujutsucraft:higuruma_hiromi":1,"jujutsucraft:miyo_rokujushi":1,"jujutsucraft:hazenoki":1,"jujutsucraft:zenin_naoya_cursed_spirit_2":1,"jujutsucraft:ember_insect":2,"jujutsucraft:kusakabe_yatsuya":1,"minecraft:wolf":1,"jujutsucraft:zenin_chojuro":1,"jujutsucraft:truck":1,"minecraft:salmon":20,"jujutsucraft:itadori_yuji_shinjuku":1,"jujutsucraft:cursed_spirit_grade_213":12,"jujutsucraft:awasaka_jiro":5,"jujutsucraft:zenin_jinichi":1,"jujutsucraft:bathynomus_giganteus":5,"jujutsucraft:curse_user_1":10,"jujutsucraft:cursed_spirit_grade_211":8,"jujutsucraft:cursed_spirit_grade_07":5,"jujutsucraft:polymorphic_soul_isomer":4,"minecraft:sheep":1,"jujutsucraft:panda_gorilla":1,"jujutsucraft:jogo":2,"jujutsucraft:cursed_spirit_grade_29":9,"jujutsucraft:cursed_spirit_grade_28":6,"jujutsucraft:blue":6,"jujutsucraft:cursed_spirit_grade_314":41,"jujutsucraft:cockroaches":81,"jujutsucraft:cursed_spirit_grade_18":3,"jujutsucraft:cursed_spirit_grade_17":2,"jujutsucraft:todo_aoi":1,"jujutsucraft:uro_takako":1,"minecraft:glow_squid":5,"jujutsucraft:kashimo_hajime":1,"jujutsucraft:cursed_spirit_grade_110":4,"jujutsucraft:cursed_spirit_grade_315":41,"jujutsucraft:cursed_spirit_grade_212":13,"jujutsucraft:takaba_fumihiko":3,"jujutsucraft:ice_spear":71,"jujutsucraft:cursed_spirit_grade_06":3,"jujutsucraft:ino_takuma":1,"jujutsucraft:sea_serpent_mini":31,"jujutsucraft:wooden_ball_1":16,"jujutsucraft:entity_tornado":3,"jujutsucraft:transfigured_human_3":21,"jujutsucraft:cursed_spirit_grade_21":1,"jujutsucraft:daido_hagane":1,"jujutsucraft:nanako":3,"jujutsucraft:charles_bernard":6,"jujutsucraft:needle":60,"jujutsucraft:yorozu":1,"jujutsucraft:liquid_metal":8,"jujutsucraft:cursed_spirit_grade_24":10,"jujutsucraft:yoshino_junpei":1,"jujutsucraft:rock_fragment":8,"jujutsucraft:cursed_spirit_grade_318":45,"jujutsucraft:shikigami_heterocephalus_glaber":1,"jujutsucraft:mahito":3,"jujutsucraft:cursed_spirit_grade_316":17,"jujutsucraft:cursed_spirit_grade_26":10,"jujutsucraft:rika_2":1,"jujutsucraft:cursed_spirit_grade_22":8,"jujutsucraft:kumiya_juzo":6,"jujutsucraft:transfigured_human_2":14,"jujutsucraft:wooden_spear_2":10,"jujutsucraft:cursed_spirit_grade_03":6,"jujutsucraft:cursed_spirit_grade_01":2,"jujutsucraft:shikigami_pterosaur":3,"jujutsucraft:miwa_kasumi":2,"jujutsucraft:cursed_spirit_grade_04":1,"jujutsucraft:wooden_spear_1":11,"jujutsucraft:cursed_spirit_grade_05":3,"jujutsucraft:fox_fire":88,"jujutsucraft:shigemo_haruta":4,"jujutsucraft:okkotsu_yuta":1,"jujutsucraft:body_repel":14,"jujutsucraft:cursed_spirit_grade_312":8,"jujutsucraft:cursed_spirit_grade_313":15,"jujutsucraft:kechizu":2,"jujutsucraft:sea_serpent":8,"jujutsucraft:toad":1,"jujutsucraft:rozetsu_shikigami":37,"jujutsucraft:cursed_spirit_grade_08":8,"jujutsucraft:cursed_spirit_grade_23":7,"jujutsucraft:eso":2,"jujutsucraft:cursed_spirit_grade_317":22,"jujutsucraft:cockroach_larva":1,"jujutsucraft:transfigured_human_1":13,"jujutsucraft:kurusu_hana":1,"jujutsucraft:cursed_spirit_grade_27":8,"jujutsucraft:okkotsu_yuta_culling_game":2,"jujutsucraft:dagon_2":1,"jujutsucraft:cursed_spirit_grade_210":7,"jujutsucraft:uraume":1,"jujutsucraft:dagon_1":2,"jujutsucraft:kukuru":3,"jujutsucraft:ice_spear_2":35,"jujutsucraft:jujutsu_sorcerer":2,"minecraft:bat":605,"jujutsucraft:zenin_maki":2,"jujutsucraft:coffin":4,"jujutsucraft:hakari_kinji":1,"jujutsucraft:curse_user":17,"jujutsucraft:yaga_masamichi":3,"minecraft:squid":4,"jujutsucraft:cursed_spirit_grade_321":30,"jujutsucraft:rozetsu":4,"jujutsucraft:entity_scissors":2,"jujutsucraft:cursed_spirit_grade_14":6,"jujutsucraft:cursed_spirit_grade_311":8,"jujutsucraft:cursed_spirit_grade_310":10,"jujutsucraft:negi_toshihisa":4,"jujutsucraft:cursed_spirit_grade_36":57,"jujutsucraft:cursed_spirit_grade_25":11,"jujutsucraft:hanami":2,"jujutsucraft:moon_dregs":2,"jujutsucraft:cursed_spirit_grade_319":24,"jujutsucraft:cursed_spirit_grade_02":2,"jujutsucraft:cursed_spirit_grade_322":26,"jujutsucraft:geto_suguru_curse_user":1,"jujutsucraft:kamo_noritoshi":1,"jujutsucraft:q":10,"jujutsucraft:gravestone_3":10,"jujutsucraft:ogami":5},"minecraft:used":{"jujutsucraft:sukuna_finger":3,"jujutsucraft:mahoraga_body_helmet":2,"jujutsucraft:rika_body_helmet":2,"jujutsucraft:rika_body_chestplate":2,"jujutsucraft:sword_okkotsu_yuta":31,"jujutsucraft:uniform_normal_leggings":1,"minecraft:dirt":4,"minecraft:basalt":2,"jujutsucraft:uniform_okkotsu_chestplate":2,"jujutsucraft:uniform_normal_boots":1,"jujutsucraft:cursed_spirit_armoury_chestplate":2,"jujutsucraft:uniform_normal_chestplate":1,"jujutsucraft:clothes_ishigori_chestplate":1,"minecraft:yellow_bed":6},"minecraft:picked_up":{"minecraft:birch_door":1,"jujutsucraft:clothes_hakari_kinji_boots":5,"jujutsucraft:insect_armor_chestplate":2,"jujutsucraft:uniform_normal_boots":3,"minecraft:smooth_stone_slab":3,"jujutsucraft:sword_black":2,"minecraft:stick":1,"jujutsucraft:sword_okkotsu_yuta":2,"minecraft:snow_block":1,"jujutsucraft:clothes_nanami_helmet":2,"minecraft:diorite":37,"jujutsucraft:uniform_q_leggings":1,"minecraft:andesite_wall":5,"jujutsucraft:clothes_ishigori_chestplate":3,"jujutsucraft:naginata":2,"minecraft:cyan_terracotta":2,"jujutsucraft:clothes_kusakabe_leggings":1,"jujutsucraft:clothes_kusakabe_chestplate":3,"jujutsucraft:mahoraga_body_helmet":2,"minecraft:feather":1,"minecraft:cherry_leaves":1,"minecraft:andesite":29,"minecraft:powder_snow_bucket":2,"minecraft:gray_concrete":68,"minecraft:dirt":115,"jujutsucraft:pendant_todo_aoi":2,"minecraft:leather_boots":1,"minecraft:bone":1,"jujutsucraft:itadori_arm":1,"jujutsucraft:glasses_maki_helmet":1,"jujutsucraft:nyoi_staff":1,"jujutsucraft:uniform_gojo_chestplate":1,"jujutsucraft:harisen":2,"minecraft:ink_sac":2,"minecraft:grass_block":11,"minecraft:light_blue_terracotta":1,"jujutsucraft:clothes_nanami_chestplate":1,"minecraft:granite":9,"minecraft:grass":5,"jujutsucraft:copied_cursed_technique":5,"minecraft:white_concrete":9,"minecraft:spruce_leaves":12,"minecraft:chicken":2,"minecraft:turtle_helmet":1,"minecraft:leather_leggings":3,"minecraft:packed_ice":10,"minecraft:large_fern":2,"minecraft:snow":56,"minecraft:item_frame":46,"jujutsucraft:uniform_higuruma_chestplate":1,"jujutsucraft:sword_shigemo":1,"minecraft:spruce_slab":1,"minecraft:egg":1,"minecraft:copper_ore":2,"jujutsucraft:wing_king_chestplate":1,"minecraft:stone":327,"jujutsucraft:sickle":2,"jujutsucraft:playful_cloud":2,"minecraft:mutton":2,"minecraft:white_wool":1,"jujutsucraft:rika_body_helmet":1,"minecraft:basalt":4,"jujutsucraft:uniform_gojo_boots":4,"minecraft:glow_ink_sac":105,"minecraft:salmon":5,"minecraft:ice":6,"jujutsucraft:sukuna_finger":2,"minecraft:yellow_bed":6,"jujutsucraft:inverted_spear_of_heaven":1,"jujutsucraft:clothes_jogo_chestplate":1,"jujutsucraft:sword_miwa_kasumi":2,"jujutsucraft:clothes_miguel_leggings":3,"jujutsucraft:dragon_bone":3,"minecraft:gravel":9,"minecraft:spruce_sapling":4,"jujutsucraft:cursed_spirit_armoury_chestplate":2,"jujutsucraft:sunglasses_helmet":1,"minecraft:spruce_door":7,"minecraft:coal_ore":6,"jujutsucraft:rika_body_chestplate":3,"minecraft:painting":24,"jujutsucraft:clothes_miguel_chestplate":2,"minecraft:black_wool":1},"minecraft:dropped":{"minecraft:glow_ink_sac":105,"jujutsucraft:sword_shigemo":1,"jujutsucraft:clothes_hakari_kinji_boots":5,"jujutsucraft:sickle":2,"jujutsucraft:uniform_q_leggings":1,"jujutsucraft:clothes_nanami_helmet":2,"minecraft:item_frame":46,"minecraft:spruce_leaves":12,"minecraft:cyan_terracotta":2,"minecraft:dirt":111,"minecraft:gray_concrete":68,"minecraft:grass":5,"minecraft:packed_ice":10,"jujutsucraft:uniform_higuruma_chestplate":1,"minecraft:ice":6,"minecraft:large_fern":2,"minecraft:mutton":2,"jujutsucraft:clothes_miguel_chestplate":2,"minecraft:cherry_leaves":1,"jujutsucraft:sunglasses_helmet":1,"jujutsucraft:pendant_todo_aoi":2,"minecraft:white_wool":1,"jujutsucraft:rika_body_chestplate":5,"minecraft:bone":1,"jujutsucraft:nyoi_staff":1,"minecraft:gravel":9,"jujutsucraft:uniform_gojo_boots":4,"jujutsucraft:sword_miwa_kasumi":2,"jujutsucraft:copied_cursed_technique":49,"jujutsucraft:mahoraga_body_helmet":3,"jujutsucraft:naginata":2,"minecraft:salmon":5,"minecraft:turtle_helmet":1,"minecraft:coal_ore":6,"jujutsucraft:clothes_kusakabe_leggings":1,"minecraft:leather_boots":1,"minecraft:birch_door":1,"jujutsucraft:harisen":2,"minecraft:leather_leggings":3,"minecraft:painting":24,"minecraft:spruce_slab":1,"minecraft:basalt":2,"jujutsucraft:uniform_gojo_chestplate":1,"minecraft:egg":1,"minecraft:feather":1,"minecraft:andesite_wall":5,"jujutsucraft:sword_black":2,"jujutsucraft:glasses_maki_helmet":1,"minecraft:granite":9,"minecraft:spruce_door":7,"minecraft:grass_block":11,"minecraft:stick":1,"minecraft:diorite":37,"minecraft:ink_sac":2,"minecraft:white_concrete":9,"jujutsucraft:dragon_bone":3,"jujutsucraft:clothes_nanami_chestplate":1,"jujutsucraft:rika_body_helmet":2,"minecraft:spruce_sapling":4,"minecraft:snow_block":1,"jujutsucraft:cursed_spirit_armoury_chestplate":3,"jujutsucraft:uniform_normal_leggings":1,"jujutsucraft:playful_cloud":1,"minecraft:smooth_stone_slab":3,"jujutsucraft:clothes_ishigori_chestplate":3,"minecraft:chicken":2,"jujutsucraft:sword_okkotsu_yuta":3,"jujutsucraft:uniform_normal_chestplate":1,"minecraft:copper_ore":2,"minecraft:snow":56,"jujutsucraft:clothes_miguel_leggings":2,"minecraft:stone":317,"minecraft:powder_snow_bucket":2,"minecraft:andesite":26,"jujutsucraft:sword_kusakabe":1,"jujutsucraft:wing_king_chestplate":2,"jujutsucraft:uniform_okkotsu_chestplate":1,"jujutsucraft:clothes_kusakabe_chestplate":3,"minecraft:light_blue_terracotta":1,"jujutsucraft:uniform_normal_boots":4,"jujutsucraft:clothes_jogo_chestplate":1,"minecraft:black_wool":1},"minecraft:custom":{"minecraft:open_barrel":4,"minecraft:leave_game":24,"minecraft:time_since_death":26255,"minecraft:damage_resisted":215185,"minecraft:sprint_one_cm":2745013,"minecraft:drop":948,"minecraft:talked_to_villager":1,"minecraft:play_time":327724,"minecraft:deaths":103,"minecraft:jump":6232,"minecraft:walk_on_water_one_cm":70115,"minecraft:sleep_in_bed":4,"minecraft:damage_dealt":5355,"minecraft:crouch_one_cm":147,"minecraft:mob_kills":2526,"minecraft:damage_dealt_resisted":1460714,"minecraft:climb_one_cm":6543,"minecraft:walk_one_cm":1275382,"minecraft:sneak_time":331,"minecraft:walk_under_water_one_cm":29280,"minecraft:total_world_time":327724,"minecraft:time_since_rest":26281,"minecraft:damage_taken":82420,"minecraft:swim_one_cm":18527,"minecraft:fly_one_cm":5910260,"minecraft:open_chest":2,"minecraft:fall_one_cm":253309}},"DataVersion":3465}