{"stats":{"minecraft:killed_by":{"jujutsucraft:cursed_spirit_grade_214":2,"jujutsucraft:sukuna_fushiguro":1,"jujutsucraft:kechizu":1,"jujutsucraft:cursed_spirit_grade_14":3,"jujutsucraft:charles_bernard":3,"jujutsucraft:uraume":6,"jujutsucraft:cursed_spirit_grade_03":1,"jujutsucraft:cursed_spirit_grade_22":6,"jujutsucraft:ishigori_ryu":5,"jujutsucraft:cursed_spirit_grade_26":1,"jujutsucraft:cursed_spirit_grade_213":2,"jujutsucraft:cursed_spirit_grade_211":1,"jujutsucraft:cursed_spirit_grade_08":1,"jujutsucraft:q":1,"jujutsucraft:cursed_spirit_grade_318":1,"jujutsucraft:sukuna":3,"jujutsucraft:eso":1,"jujutsucraft:cursed_spirit_grade_32":1,"jujutsucraft:cursed_spirit_grade_02":1,"jujutsucraft:rozetsu":1,"jujutsucraft:cursed_spirit_grade_212":1,"jujutsucraft:jujutsu_sorcerer":1},"minecraft:mined":{"minecraft:flowering_azalea":1,"minecraft:grass_block":7,"minecraft:dead_bush":1,"minecraft:yellow_bed":6,"minecraft:grass":5,"minecraft:dirt":5,"minecraft:azalea":3,"minecraft:oak_leaves":7},"minecraft:killed":{"jujutsucraft:cursed_spirit_grade_32":8,"jujutsucraft:transfigured_human_3":1,"minecraft:wolf":1,"jujutsucraft:cursed_spirit_grade_33":4,"jujutsucraft:charles_bernard":2,"jujutsucraft:nanako":2,"jujutsucraft:cursed_spirit_grade_11":1,"jujutsucraft:cursed_spirit_grade_213":1,"jujutsucraft:awasaka_jiro":2,"jujutsucraft:cursed_spirit_grade_35":2,"jujutsucraft:cursed_spirit_grade_211":1,"jujutsucraft:cursed_spirit_grade_318":5,"jujutsucraft:cursed_spirit_grade_316":2,"jujutsucraft:curse_user_1":1,"jujutsucraft:cursed_spirit_grade_26":1,"jujutsucraft:curse_user":9,"jujutsucraft:transfigured_human_2":2,"jujutsucraft:cursed_spirit_grade_321":2,"jujutsucraft:miwa_kasumi":1,"minecraft:sheep":1,"jujutsucraft:cursed_spirit_grade_39":6,"jujutsucraft:fox_fire":12,"jujutsucraft:shigemo_haruta":1,"jujutsucraft:cursed_spirit_grade_314":11,"jujutsucraft:cursed_spirit_grade_313":2,"jujutsucraft:entity_scissors":2,"jujutsucraft:cursed_spirit_grade_215":1,"jujutsucraft:cursed_spirit_grade_14":1,"jujutsucraft:cursed_spirit_grade_311":2,"jujutsucraft:negi_toshihisa":1,"jujutsucraft:cursed_spirit_grade_36":19,"jujutsucraft:cursed_spirit_grade_08":1,"jujutsucraft:cursed_spirit_grade_317":5,"jujutsucraft:cursed_spirit_grade_315":9,"jujutsucraft:cursed_spirit_grade_38":3,"jujutsucraft:cursed_spirit_grade_34":6,"jujutsucraft:cursed_spirit_grade_319":8,"jujutsucraft:transfigured_human_1":1,"jujutsucraft:cursed_spirit_grade_322":3,"jujutsucraft:ice_spear":2,"jujutsucraft:q":2,"jujutsucraft:ogami":4},"minecraft:used":{"jujutsucraft:uniform_okkotsu_chestplate":2,"jujutsucraft:uniform_normal_boots":1,"minecraft:dirt":4,"jujutsucraft:uniform_normal_chestplate":1,"jujutsucraft:sword_okkotsu_yuta":29,"jujutsucraft:uniform_normal_leggings":1,"minecraft:yellow_bed":6},"minecraft:picked_up":{"minecraft:spruce_leaves":9,"jujutsucraft:clothes_kusakabe_chestplate":3,"minecraft:turtle_helmet":1,"minecraft:leather_leggings":3,"minecraft:yellow_bed":6,"minecraft:dirt":13,"minecraft:large_fern":2,"minecraft:snow":25,"minecraft:item_frame":7,"minecraft:leather_boots":1,"jujutsucraft:uniform_higuruma_chestplate":1,"minecraft:bone":1,"jujutsucraft:clothes_jogo_chestplate":1,"jujutsucraft:sword_shigemo":1,"minecraft:spruce_slab":1,"jujutsucraft:clothes_miguel_leggings":3,"jujutsucraft:glasses_maki_helmet":1,"minecraft:egg":1,"jujutsucraft:nyoi_staff":1,"jujutsucraft:dragon_bone":2,"minecraft:stick":1,"jujutsucraft:sword_okkotsu_yuta":1,"jujutsucraft:clothes_nanami_helmet":1,"minecraft:spruce_sapling":4,"minecraft:ink_sac":2,"jujutsucraft:uniform_gojo_chestplate":1,"minecraft:grass_block":1,"jujutsucraft:sunglasses_helmet":1,"jujutsucraft:uniform_q_leggings":1,"jujutsucraft:clothes_ishigori_chestplate":1,"jujutsucraft:naginata":1,"jujutsucraft:clothes_nanami_chestplate":1,"minecraft:painting":11,"jujutsucraft:clothes_kusakabe_leggings":1,"minecraft:grass":5,"jujutsucraft:clothes_miguel_chestplate":2,"minecraft:black_wool":1,"minecraft:mutton":2},"minecraft:dropped":{"jujutsucraft:uniform_normal_chestplate":1,"minecraft:stick":1,"minecraft:snow":14,"jujutsucraft:clothes_miguel_leggings":1,"minecraft:grass":1,"minecraft:large_fern":2,"jujutsucraft:sword_kusakabe":1,"jujutsucraft:clothes_miguel_chestplate":1,"minecraft:leather_leggings":2,"jujutsucraft:clothes_kusakabe_chestplate":2,"minecraft:spruce_sapling":4,"jujutsucraft:uniform_gojo_chestplate":1},"minecraft:custom":{"minecraft:mob_kills":177,"minecraft:open_barrel":4,"minecraft:damage_dealt_resisted":37464,"minecraft:leave_game":8,"minecraft:time_since_death":1771,"minecraft:climb_one_cm":5398,"minecraft:sleep_in_bed":4,"minecraft:damage_resisted":17843,"minecraft:time_since_rest":1797,"minecraft:sprint_one_cm":812245,"minecraft:damage_taken":21936,"minecraft:walk_one_cm":314092,"minecraft:drop":31,"minecraft:damage_dealt":0,"minecraft:swim_one_cm":6946,"minecraft:talked_to_villager":1,"minecraft:fly_one_cm":796711,"minecraft:open_chest":2,"minecraft:play_time":99907,"minecraft:deaths":46,"minecraft:sneak_time":35,"minecraft:walk_under_water_one_cm":1874,"minecraft:jump":2443,"minecraft:walk_on_water_one_cm":13003,"minecraft:total_world_time":99907,"minecraft:fall_one_cm":88096}},"DataVersion":3465}