{"stats":{"minecraft:killed_by":{"jujutsucraft:cursed_spirit_grade_214":2,"jujutsucraft:kechizu":1,"jujutsucraft:cursed_spirit_grade_14":2,"jujutsucraft:charles_bernard":3,"jujutsucraft:uraume":1,"jujutsucraft:cursed_spirit_grade_03":1,"jujutsucraft:cursed_spirit_grade_22":5,"jujutsucraft:ishigori_ryu":4,"jujutsucraft:cursed_spirit_grade_26":1,"jujutsucraft:cursed_spirit_grade_213":2,"jujutsucraft:cursed_spirit_grade_211":1,"jujutsucraft:q":1,"jujutsucraft:sukuna":3,"jujutsucraft:cursed_spirit_grade_318":1,"jujutsucraft:cursed_spirit_grade_32":1,"jujutsucraft:cursed_spirit_grade_02":1,"jujutsucraft:cursed_spirit_grade_212":1,"jujutsucraft:jujutsu_sorcerer":1},"minecraft:mined":{"minecraft:grass_block":7,"minecraft:dead_bush":1,"minecraft:yellow_bed":6,"minecraft:grass":5,"minecraft:dirt":5,"minecraft:azalea":1,"minecraft:oak_leaves":7},"minecraft:killed":{"jujutsucraft:cursed_spirit_grade_32":8,"jujutsucraft:transfigured_human_3":1,"minecraft:wolf":1,"jujutsucraft:cursed_spirit_grade_33":2,"jujutsucraft:nanako":1,"jujutsucraft:charles_bernard":1,"jujutsucraft:cursed_spirit_grade_213":1,"jujutsucraft:awasaka_jiro":2,"jujutsucraft:cursed_spirit_grade_35":1,"jujutsucraft:cursed_spirit_grade_318":5,"jujutsucraft:curse_user_1":1,"jujutsucraft:cursed_spirit_grade_316":2,"jujutsucraft:cursed_spirit_grade_26":1,"jujutsucraft:curse_user":8,"jujutsucraft:transfigured_human_2":2,"jujutsucraft:cursed_spirit_grade_321":2,"minecraft:sheep":1,"jujutsucraft:cursed_spirit_grade_39":6,"jujutsucraft:cursed_spirit_grade_313":1,"jujutsucraft:cursed_spirit_grade_314":11,"jujutsucraft:cursed_spirit_grade_311":2,"jujutsucraft:negi_toshihisa":1,"jujutsucraft:cursed_spirit_grade_36":14,"jujutsucraft:cursed_spirit_grade_315":7,"jujutsucraft:cursed_spirit_grade_317":4,"jujutsucraft:cursed_spirit_grade_38":2,"jujutsucraft:cursed_spirit_grade_34":6,"jujutsucraft:cursed_spirit_grade_319":5,"jujutsucraft:transfigured_human_1":1,"jujutsucraft:cursed_spirit_grade_322":2,"jujutsucraft:q":2,"jujutsucraft:ogami":4},"minecraft:used":{"jujutsucraft:uniform_okkotsu_chestplate":2,"jujutsucraft:uniform_normal_boots":1,"minecraft:dirt":4,"jujutsucraft:uniform_normal_chestplate":1,"jujutsucraft:sword_okkotsu_yuta":25,"jujutsucraft:uniform_normal_leggings":1,"minecraft:yellow_bed":6},"minecraft:picked_up":{"minecraft:spruce_leaves":9,"minecraft:leather_leggings":1,"minecraft:turtle_helmet":1,"minecraft:yellow_bed":6,"minecraft:dirt":13,"minecraft:large_fern":2,"minecraft:leather_boots":1,"minecraft:snow":7,"minecraft:item_frame":3,"minecraft:bone":1,"jujutsucraft:clothes_jogo_chestplate":1,"minecraft:spruce_slab":1,"jujutsucraft:clothes_miguel_leggings":2,"jujutsucraft:glasses_maki_helmet":1,"minecraft:egg":1,"jujutsucraft:dragon_bone":2,"minecraft:stick":1,"jujutsucraft:sword_okkotsu_yuta":1,"jujutsucraft:clothes_nanami_helmet":1,"minecraft:spruce_sapling":4,"jujutsucraft:uniform_gojo_chestplate":1,"minecraft:ink_sac":2,"minecraft:grass_block":1,"jujutsucraft:sunglasses_helmet":1,"jujutsucraft:uniform_q_leggings":1,"jujutsucraft:naginata":1,"jujutsucraft:clothes_nanami_chestplate":1,"minecraft:painting":1,"jujutsucraft:clothes_kusakabe_leggings":1,"jujutsucraft:clothes_miguel_chestplate":1,"minecraft:grass":5,"minecraft:black_wool":1,"minecraft:mutton":2},"minecraft:dropped":{"jujutsucraft:uniform_normal_chestplate":1,"minecraft:grass":1,"jujutsucraft:sword_kusakabe":1},"minecraft:custom":{"minecraft:mob_kills":118,"minecraft:damage_dealt_resisted":17081,"minecraft:leave_game":8,"minecraft:time_since_death":8429,"minecraft:sleep_in_bed":4,"minecraft:climb_one_cm":4470,"minecraft:damage_resisted":6801,"minecraft:time_since_rest":6987,"minecraft:sprint_one_cm":501454,"minecraft:damage_taken":14571,"minecraft:walk_one_cm":224435,"minecraft:drop":3,"minecraft:swim_one_cm":6946,"minecraft:fly_one_cm":589541,"minecraft:open_chest":1,"minecraft:play_time":77059,"minecraft:deaths":34,"minecraft:sneak_time":6,"minecraft:walk_under_water_one_cm":1874,"minecraft:jump":2055,"minecraft:walk_on_water_one_cm":13003,"minecraft:total_world_time":77059,"minecraft:fall_one_cm":80172}},"DataVersion":3465}