{
  "jujutsucraft:jujutsu_craft_skills": {
    "criteria": {
      "jujutsu_craft_skills_0": "2024-11-08 23:06:52 +0000"
    },
    "done": true
  },
  "jujutsucraft:skill_divine_dog_totality": {
    "criteria": {
      "skill_divine_dog_totality_0": "2024-11-08 23:06:52 +0000"
    },
    "done": true
  },
  "minecraft:recipes/decorations/crafting_table": {
    "criteria": {
      "unlock_right_away": "2024-11-08 23:06:52 +0000"
    },
    "done": true
  },
  "jujutsucraft:skill_merged_beast_agito": {
    "criteria": {
      "skill_merged_beast_agito_0": "2024-11-08 23:06:52 +0000"
    },
    "done": true
  },
  "jujutsucraft:battle_advancements": {
    "criteria": {
      "battle_advancements_0": "2024-11-08 23:06:52 +0000"
    },
    "done": true
  },
  "jjkf:jjkf": {
    "criteria": {
      "jjkf": "2024-11-08 23:06:52 +0000"
    },
    "done": true
  },
  "jujutsucraft:start_jujutsu_craft": {
    "criteria": {
      "start_jujutsu_craft_0": "2024-11-08 23:06:52 +0000"
    },
    "done": true
  },
  "parcool:grant_parcool_guide": {
    "criteria": {
      "tick": "2024-11-08 23:06:52 +0000"
    },
    "done": true
  },
  "minecraft:adventure/adventuring_time": {
    "criteria": {
      "minecraft:snowy_slopes": "2024-11-09 01:43:14 +0000",
      "minecraft:old_growth_pine_taiga": "2024-11-09 02:41:38 +0000",
      "minecraft:taiga": "2024-11-09 02:41:21 +0000",
      "minecraft:frozen_river": "2024-11-09 03:17:09 +0000",
      "minecraft:sunflower_plains": "2024-11-09 01:38:02 +0000",
      "minecraft:cherry_grove": "2024-11-09 04:26:44 +0000",
      "minecraft:windswept_hills": "2024-11-09 02:39:32 +0000",
      "minecraft:river": "2024-11-09 01:47:04 +0000",
      "minecraft:stony_shore": "2024-11-09 01:39:44 +0000",
      "minecraft:snowy_plains": "2024-11-09 02:55:36 +0000",
      "minecraft:snowy_taiga": "2024-11-09 02:44:07 +0000",
      "minecraft:grove": "2024-11-09 02:57:56 +0000",
      "minecraft:swamp": "2024-11-09 02:36:49 +0000",
      "minecraft:forest": "2024-11-08 23:06:53 +0000",
      "minecraft:frozen_ocean": "2024-11-09 05:32:51 +0000",
      "minecraft:old_growth_birch_forest": "2024-11-09 01:39:20 +0000",
      "minecraft:meadow": "2024-11-09 04:20:21 +0000",
      "minecraft:windswept_gravelly_hills": "2024-11-09 02:39:38 +0000",
      "minecraft:plains": "2024-11-09 01:37:03 +0000"
    },
    "done": false
  },
  "jujutsucraft:skill_copy": {
    "criteria": {
      "skill_copy_0": "2024-11-08 23:07:03 +0000"
    },
    "done": true
  },
  "jujutsucraft:advancement_insect": {
    "criteria": {
      "advancement_insect_0": "2024-11-08 23:07:04 +0000"
    },
    "done": true
  },
  "minecraft:adventure/root": {
    "criteria": {
      "killed_something": "2024-11-09 01:36:59 +0000"
    },
    "done": true
  },
  "jujutsucraft:fame_3": {
    "criteria": {
      "fame_3_0": "2024-11-09 01:36:59 +0000"
    },
    "done": true
  },
  "jujutsucraft:fame_4": {
    "criteria": {
      "fame_4_0": "2024-11-09 01:36:59 +0000"
    },
    "done": true
  },
  "jujutsucraft:battle_ogami": {
    "criteria": {
      "battle_ogami_0": "2024-11-09 01:40:30 +0000"
    },
    "done": true
  },
  "minecraft:recipes/transportation/mangrove_boat": {
    "criteria": {
      "in_water": "2024-11-09 01:47:04 +0000"
    },
    "done": true
  },
  "minecraft:recipes/transportation/acacia_boat": {
    "criteria": {
      "in_water": "2024-11-09 01:47:04 +0000"
    },
    "done": true
  },
  "minecraft:recipes/transportation/cherry_boat": {
    "criteria": {
      "in_water": "2024-11-09 01:47:04 +0000"
    },
    "done": true
  },
  "minecraft:recipes/transportation/bamboo_raft": {
    "criteria": {
      "in_water": "2024-11-09 01:47:04 +0000"
    },
    "done": true
  },
  "minecraft:recipes/transportation/spruce_boat": {
    "criteria": {
      "in_water": "2024-11-09 01:47:04 +0000"
    },
    "done": true
  },
  "minecraft:recipes/transportation/birch_boat": {
    "criteria": {
      "in_water": "2024-11-09 01:47:04 +0000"
    },
    "done": true
  },
  "minecraft:recipes/transportation/oak_boat": {
    "criteria": {
      "in_water": "2024-11-09 01:47:04 +0000"
    },
    "done": true
  },
  "minecraft:recipes/transportation/jungle_boat": {
    "criteria": {
      "in_water": "2024-11-09 01:47:04 +0000"
    },
    "done": true
  },
  "minecraft:recipes/transportation/dark_oak_boat": {
    "criteria": {
      "in_water": "2024-11-09 01:47:04 +0000"
    },
    "done": true
  },
  "minecraft:adventure/sleep_in_bed": {
    "criteria": {
      "slept_in_bed": "2024-11-09 01:47:18 +0000"
    },
    "done": true
  },
  "jujutsucraft:sorcerer_grade_4": {
    "criteria": {
      "sorcerer_grade_4_0": "2024-11-09 01:51:53 +0000"
    },
    "done": true
  },
  "jujutsucraft:fame_2": {
    "criteria": {
      "fame_2_0": "2024-11-09 02:05:49 +0000"
    },
    "done": true
  },
  "jujutsucraft:battle_mimiko_nanako": {
    "criteria": {
      "battle_mimiko_nanako_0": "2024-11-09 02:06:08 +0000"
    },
    "done": true
  },
  "jujutsucraft:battle_jiro_awasaka": {
    "criteria": {
      "battle_jiro_awasaka_0": "2024-11-09 02:06:55 +0000"
    },
    "done": true
  },
  "jujutsucraft:sorcerer_grade_3": {
    "criteria": {
      "sorcerer_grade_3_0": "2024-11-09 02:08:06 +0000"
    },
    "done": true
  },
  "jujutsucraft:reverse_cursed_technique_1": {
    "criteria": {
      "reverse_cursed_technique_1_0": "2024-11-09 02:08:45 +0000"
    },
    "done": true
  },
  "jujutsucraft:battle_toshihisa_negi": {
    "criteria": {
      "battle_toshihisa_negi_0": "2024-11-09 02:09:04 +0000"
    },
    "done": true
  },
  "minecraft:recipes/decorations/chest": {
    "criteria": {
      "has_lots_of_items": "2024-11-09 02:36:04 +0000"
    },
    "done": true
  },
  "minecraft:recipes/food/cake": {
    "criteria": {
      "has_egg": "2024-11-09 02:40:08 +0000"
    },
    "done": true
  },
  "jujutsucraft:mastery_simple_domain": {
    "criteria": {
      "mastery_simple_domain_0": "2024-11-09 02:50:51 +0000"
    },
    "done": true
  },
  "minecraft:recipes/decorations/ladder": {
    "criteria": {
      "has_stick": "2024-11-09 02:53:45 +0000"
    },
    "done": true
  },
  "minecraft:recipes/decorations/campfire": {
    "criteria": {
      "has_stick": "2024-11-09 02:53:45 +0000"
    },
    "done": true
  },
  "minecraft:recipes/tools/wooden_hoe": {
    "criteria": {
      "has_stick": "2024-11-09 02:53:45 +0000"
    },
    "done": true
  },
  "minecraft:recipes/tools/wooden_pickaxe": {
    "criteria": {
      "has_stick": "2024-11-09 02:53:45 +0000"
    },
    "done": true
  },
  "minecraft:recipes/tools/wooden_axe": {
    "criteria": {
      "has_stick": "2024-11-09 02:53:45 +0000"
    },
    "done": true
  },
  "minecraft:recipes/tools/wooden_shovel": {
    "criteria": {
      "has_stick": "2024-11-09 02:53:45 +0000"
    },
    "done": true
  },
  "minecraft:recipes/combat/wooden_sword": {
    "criteria": {
      "has_stick": "2024-11-09 02:53:45 +0000"
    },
    "done": true
  },
  "minecraft:recipes/misc/black_dye": {
    "criteria": {
      "has_ink_sac": "2024-11-09 02:56:50 +0000"
    },
    "done": true
  },
  "minecraft:recipes/decorations/composter": {
    "criteria": {
      "has_wood_slab": "2024-11-09 02:57:04 +0000"
    },
    "done": true
  },
  "minecraft:recipes/misc/bone_meal": {
    "criteria": {
      "has_bone": "2024-11-09 02:57:04 +0000"
    },
    "done": true
  },
  "minecraft:recipes/decorations/barrel": {
    "criteria": {
      "has_wood_slab": "2024-11-09 02:57:04 +0000"
    },
    "done": true
  },
  "minecraft:recipes/decorations/black_bed": {
    "criteria": {
      "has_black_wool": "2024-11-09 02:57:43 +0000"
    },
    "done": true
  },
  "minecraft:recipes/food/cooked_mutton_from_smoking": {
    "criteria": {
      "has_mutton": "2024-11-09 02:57:43 +0000"
    },
    "done": true
  },
  "minecraft:recipes/food/cooked_mutton": {
    "criteria": {
      "has_mutton": "2024-11-09 02:57:43 +0000"
    },
    "done": true
  },
  "minecraft:recipes/decorations/painting": {
    "criteria": {
      "has_wool": "2024-11-09 02:57:43 +0000"
    },
    "done": true
  },
  "minecraft:recipes/decorations/black_carpet": {
    "criteria": {
      "has_black_wool": "2024-11-09 02:57:43 +0000"
    },
    "done": true
  },
  "minecraft:recipes/food/cooked_mutton_from_campfire_cooking": {
    "criteria": {
      "has_mutton": "2024-11-09 02:57:43 +0000"
    },
    "done": true
  },
  "minecraft:recipes/decorations/black_banner": {
    "criteria": {
      "has_black_wool": "2024-11-09 02:57:43 +0000"
    },
    "done": true
  },
  "minecraft:recipes/decorations/glow_item_frame": {
    "criteria": {
      "has_item_frame": "2024-11-09 02:58:31 +0000"
    },
    "done": true
  },
  "jujutsucraft:sorcerer_grade_2_semi": {
    "criteria": {
      "sorcerer_grade_2_semi_0": "2024-11-09 03:02:11 +0000"
    },
    "done": true
  },
  "jujutsucraft:battle_mei_mei": {
    "criteria": {
      "battle_mei_mei_0": "2024-11-09 03:02:11 +0000"
    },
    "done": true
  },
  "jujutsucraft:fame_1": {
    "criteria": {
      "fame_1_0": "2024-11-09 03:04:00 +0000"
    },
    "done": true
  },
  "jujutsucraft:battle_charles_bernard": {
    "criteria": {
      "battle_charles_bernard_0": "2024-11-09 03:08:50 +0000"
    },
    "done": true
  },
  "jujutsucraft:reverse_cursed_technique_2": {
    "criteria": {
      "reverse_cursed_technique_2_0": "2024-11-09 03:14:28 +0000"
    },
    "done": true
  },
  "jujutsucraft:battle_haruta_shigemo": {
    "criteria": {
      "battle_haruta_shigemo_0": "2024-11-09 03:15:40 +0000"
    },
    "done": true
  },
  "jujutsucraft:battle_kasumi_miwa": {
    "criteria": {
      "battle_kasumi_miwa_0": "2024-11-09 03:15:54 +0000"
    },
    "done": true
  },
  "jujutsucraft:sorcerer_grade_2": {
    "criteria": {
      "sorcerer_grade_2_0": "2024-11-09 03:37:51 +0000"
    },
    "done": true
  },
  "jujutsucraft:battle_maki_zenin": {
    "criteria": {
      "battle_maki_zenin_0": "2024-11-09 03:40:35 +0000"
    },
    "done": true
  },
  "minecraft:recipes/decorations/light_blue_glazed_terracotta": {
    "criteria": {
      "has_light_blue_terracotta": "2024-11-09 03:48:35 +0000"
    },
    "done": true
  },
  "jujutsucraft:battle_toge_inumaki": {
    "criteria": {
      "battle_toge_inumaki_0": "2024-11-09 03:49:15 +0000"
    },
    "done": true
  },
  "jujutsucraft:mastery_domain_expansion": {
    "criteria": {
      "mastery_domain_expansion_0": "2024-11-09 03:54:32 +0000"
    },
    "done": true
  },
  "jujutsucraft:sorcerer_grade_1_semi": {
    "criteria": {
      "sorcerer_grade_1_semi_0": "2024-11-09 04:07:48 +0000"
    },
    "done": true
  },
  "jujutsucraft:skill_rika_control": {
    "criteria": {
      "skill_rika_control_0": "2024-11-09 04:07:48 +0000"
    },
    "done": true
  },
  "minecraft:recipes/building_blocks/stone_bricks": {
    "criteria": {
      "has_stone": "2024-11-09 04:09:44 +0000"
    },
    "done": true
  },
  "minecraft:recipes/building_blocks/stone_brick_slab_from_stone_stonecutting": {
    "criteria": {
      "has_stone": "2024-11-09 04:09:44 +0000"
    },
    "done": true
  },
  "minecraft:recipes/building_blocks/stone_brick_stairs_from_stone_stonecutting": {
    "criteria": {
      "has_stone": "2024-11-09 04:09:44 +0000"
    },
    "done": true
  },
  "minecraft:recipes/building_blocks/stone_slab_from_stone_stonecutting": {
    "criteria": {
      "has_stone": "2024-11-09 04:09:44 +0000"
    },
    "done": true
  },
  "minecraft:recipes/building_blocks/stone_bricks_from_stone_stonecutting": {
    "criteria": {
      "has_stone": "2024-11-09 04:09:44 +0000"
    },
    "done": true
  },
  "minecraft:recipes/building_blocks/stone_slab": {
    "criteria": {
      "has_stone": "2024-11-09 04:09:44 +0000"
    },
    "done": true
  },
  "minecraft:recipes/building_blocks/chiseled_stone_bricks_stone_from_stonecutting": {
    "criteria": {
      "has_stone": "2024-11-09 04:09:44 +0000"
    },
    "done": true
  },
  "minecraft:recipes/building_blocks/stone_stairs_from_stone_stonecutting": {
    "criteria": {
      "has_stone": "2024-11-09 04:09:44 +0000"
    },
    "done": true
  },
  "minecraft:recipes/redstone/stone_button": {
    "criteria": {
      "has_stone": "2024-11-09 04:09:44 +0000"
    },
    "done": true
  },
  "minecraft:recipes/decorations/stonecutter": {
    "criteria": {
      "has_stone": "2024-11-09 04:09:44 +0000"
    },
    "done": true
  },
  "minecraft:recipes/redstone/stone_pressure_plate": {
    "criteria": {
      "has_stone": "2024-11-09 04:09:44 +0000"
    },
    "done": true
  },
  "minecraft:recipes/building_blocks/smooth_stone": {
    "criteria": {
      "has_stone": "2024-11-09 04:09:44 +0000"
    },
    "done": true
  },
  "minecraft:recipes/decorations/stone_brick_walls_from_stone_stonecutting": {
    "criteria": {
      "has_stone": "2024-11-09 04:09:44 +0000"
    },
    "done": true
  },
  "minecraft:recipes/building_blocks/stone_stairs": {
    "criteria": {
      "has_stone": "2024-11-09 04:09:44 +0000"
    },
    "done": true
  },
  "jujutsucraft:battle_uraume": {
    "criteria": {
      "battle_uraume_0": "2024-11-09 04:10:05 +0000"
    },
    "done": true
  },
  "jujutsucraft:battle_yuji_itadori": {
    "criteria": {
      "battle_yuji_itadori_0": "2024-11-09 04:12:29 +0000"
    },
    "done": true
  },
  "jujutsucraft:battle_cursed_spirit_grade_special_1": {
    "criteria": {
      "battle_cursed_spirit_grade_special_1_0": "2024-11-09 04:12:30 +0000"
    },
    "done": true
  },
  "jujutsucraft:fame_special": {
    "criteria": {
      "fame_special_0": "2024-11-09 04:12:30 +0000"
    },
    "done": true
  },
  "minecraft:recipes/building_blocks/andesite_stairs_from_andesite_stonecutting": {
    "criteria": {
      "has_andesite": "2024-11-09 04:13:46 +0000"
    },
    "done": true
  },
  "minecraft:recipes/building_blocks/andesite_stairs": {
    "criteria": {
      "has_andesite": "2024-11-09 04:13:46 +0000"
    },
    "done": true
  },
  "minecraft:recipes/building_blocks/polished_andesite_from_andesite_stonecutting": {
    "criteria": {
      "has_andesite": "2024-11-09 04:13:46 +0000"
    },
    "done": true
  },
  "minecraft:recipes/building_blocks/polished_andesite": {
    "criteria": {
      "has_andesite": "2024-11-09 04:13:46 +0000"
    },
    "done": true
  },
  "minecraft:recipes/decorations/andesite_wall_from_andesite_stonecutting": {
    "criteria": {
      "has_andesite": "2024-11-09 04:13:46 +0000"
    },
    "done": true
  },
  "minecraft:recipes/building_blocks/polished_andesite_slab_from_andesite_stonecutting": {
    "criteria": {
      "has_andesite": "2024-11-09 04:13:46 +0000"
    },
    "done": true
  },
  "minecraft:recipes/decorations/andesite_wall": {
    "criteria": {
      "has_andesite": "2024-11-09 04:13:46 +0000"
    },
    "done": true
  },
  "minecraft:recipes/building_blocks/andesite_slab": {
    "criteria": {
      "has_andesite": "2024-11-09 04:13:46 +0000"
    },
    "done": true
  },
  "minecraft:recipes/building_blocks/polished_andesite_stairs_from_andesite_stonecutting": {
    "criteria": {
      "has_andesite": "2024-11-09 04:13:46 +0000"
    },
    "done": true
  },
  "minecraft:recipes/building_blocks/andesite_slab_from_andesite_stonecutting": {
    "criteria": {
      "has_andesite": "2024-11-09 04:13:46 +0000"
    },
    "done": true
  },
  "jujutsucraft:battle_kento_nanami": {
    "criteria": {
      "battle_kento_nanami_0": "2024-11-09 04:14:21 +0000"
    },
    "done": true
  },
  "jujutsucraft:battle_ryu_ishigori": {
    "criteria": {
      "battle_ryu_ishigori_0": "2024-11-09 04:14:21 +0000"
    },
    "done": true
  },
  "jujutsucraft:battle_cursed_spirit_grade_special_15": {
    "criteria": {
      "battle_cursed_spirit_grade_special_15_0": "2024-11-09 04:15:30 +0000"
    },
    "done": true
  },
  "jujutsucraft:sorcerer_grade_1": {
    "criteria": {
      "sorcerer_grade_1_0": "2024-11-09 04:15:30 +0000"
    },
    "done": true
  },
  "jujutsucraft:battle_masamichi_yaga": {
    "criteria": {
      "battle_masamichi_yaga_0": "2024-11-09 04:16:40 +0000"
    },
    "done": true
  },
  "jujutsucraft:battle_iori_hazenoki": {
    "criteria": {
      "battle_iori_hazenoki_0": "2024-11-09 04:16:44 +0000"
    },
    "done": true
  },
  "jujutsucraft:battle_atsuya_kusakabe": {
    "criteria": {
      "battle_atsuya_kusakabe_0": "2024-11-09 04:16:59 +0000"
    },
    "done": true
  },
  "minecraft:recipes/building_blocks/diorite_stairs_from_diorite_stonecutting": {
    "criteria": {
      "has_diorite": "2024-11-09 04:17:45 +0000"
    },
    "done": true
  },
  "minecraft:recipes/building_blocks/polished_diorite": {
    "criteria": {
      "has_diorite": "2024-11-09 04:17:45 +0000"
    },
    "done": true
  },
  "minecraft:recipes/building_blocks/diorite_slab": {
    "criteria": {
      "has_diorite": "2024-11-09 04:17:45 +0000"
    },
    "done": true
  },
  "minecraft:recipes/decorations/diorite_wall_from_diorite_stonecutting": {
    "criteria": {
      "has_diorite": "2024-11-09 04:17:45 +0000"
    },
    "done": true
  },
  "minecraft:recipes/building_blocks/andesite": {
    "criteria": {
      "has_stone": "2024-11-09 04:17:45 +0000"
    },
    "done": true
  },
  "minecraft:recipes/building_blocks/polished_diorite_from_diorite_stonecutting": {
    "criteria": {
      "has_diorite": "2024-11-09 04:17:45 +0000"
    },
    "done": true
  },
  "minecraft:recipes/decorations/diorite_wall": {
    "criteria": {
      "has_diorite": "2024-11-09 04:17:45 +0000"
    },
    "done": true
  },
  "minecraft:recipes/building_blocks/diorite_slab_from_diorite_stonecutting": {
    "criteria": {
      "has_diorite": "2024-11-09 04:17:45 +0000"
    },
    "done": true
  },
  "minecraft:recipes/building_blocks/polished_diorite_slab_from_diorite_stonecutting": {
    "criteria": {
      "has_diorite": "2024-11-09 04:17:45 +0000"
    },
    "done": true
  },
  "minecraft:recipes/building_blocks/polished_diorite_stairs_from_diorite_stonecutting": {
    "criteria": {
      "has_diorite": "2024-11-09 04:17:45 +0000"
    },
    "done": true
  },
  "minecraft:recipes/building_blocks/diorite_stairs": {
    "criteria": {
      "has_diorite": "2024-11-09 04:17:45 +0000"
    },
    "done": true
  },
  "jujutsucraft:battle_takuma_ino": {
    "criteria": {
      "battle_takuma_ino_0": "2024-11-09 04:18:28 +0000"
    },
    "done": true
  },
  "jujutsucraft:mastery_domain_amplification": {
    "criteria": {
      "mastery_domain_amplification_0": "2024-11-09 04:18:33 +0000"
    },
    "done": true
  },
  "minecraft:recipes/building_blocks/blue_ice": {
    "criteria": {
      "has_packed_ice": "2024-11-09 04:18:36 +0000"
    },
    "done": true
  },
  "jujutsucraft:battle_kechizu": {
    "criteria": {
      "battle_kechizu_0": "2024-11-09 04:18:37 +0000"
    },
    "done": true
  },
  "minecraft:recipes/decorations/cyan_glazed_terracotta": {
    "criteria": {
      "has_cyan_terracotta": "2024-11-09 04:19:51 +0000"
    },
    "done": true
  },
  "minecraft:recipes/decorations/armor_stand": {
    "criteria": {
      "has_stone_slab": "2024-11-09 04:20:09 +0000"
    },
    "done": true
  },
  "minecraft:recipes/building_blocks/smooth_basalt": {
    "criteria": {
      "has_basalt": "2024-11-09 04:20:12 +0000"
    },
    "done": true
  },
  "minecraft:recipes/building_blocks/polished_basalt_from_basalt_stonecutting": {
    "criteria": {
      "has_basalt": "2024-11-09 04:20:12 +0000"
    },
    "done": true
  },
  "minecraft:recipes/building_blocks/polished_basalt": {
    "criteria": {
      "has_basalt": "2024-11-09 04:20:12 +0000"
    },
    "done": true
  },
  "jujutsucraft:battle_hanami": {
    "criteria": {
      "battle_hanami_0": "2024-11-09 04:20:30 +0000"
    },
    "done": true
  },
  "minecraft:recipes/decorations/white_banner": {
    "criteria": {
      "has_white_wool": "2024-11-09 04:20:31 +0000"
    },
    "done": true
  },
  "minecraft:recipes/decorations/white_bed": {
    "criteria": {
      "has_white_wool": "2024-11-09 04:20:31 +0000"
    },
    "done": true
  },
  "minecraft:recipes/decorations/white_carpet": {
    "criteria": {
      "has_white_wool": "2024-11-09 04:20:31 +0000"
    },
    "done": true
  },
  "jujutsucraft:skill_copy_takako_uro": {
    "criteria": {
      "skill_copy_takako_uro_0": "2024-11-09 04:21:32 +0000"
    },
    "done": true
  },
  "minecraft:recipes/building_blocks/granite_stairs": {
    "criteria": {
      "has_granite": "2024-11-09 04:25:25 +0000"
    },
    "done": true
  },
  "minecraft:recipes/building_blocks/granite_stairs_from_granite_stonecutting": {
    "criteria": {
      "has_granite": "2024-11-09 04:25:25 +0000"
    },
    "done": true
  },
  "minecraft:recipes/decorations/granite_wall": {
    "criteria": {
      "has_granite": "2024-11-09 04:25:25 +0000"
    },
    "done": true
  },
  "minecraft:recipes/building_blocks/polished_granite_slab_from_granite_stonecutting": {
    "criteria": {
      "has_granite": "2024-11-09 04:25:25 +0000"
    },
    "done": true
  },
  "minecraft:recipes/building_blocks/granite_slab_from_granite_stonecutting": {
    "criteria": {
      "has_granite": "2024-11-09 04:25:25 +0000"
    },
    "done": true
  },
  "minecraft:recipes/building_blocks/polished_granite": {
    "criteria": {
      "has_granite": "2024-11-09 04:25:25 +0000"
    },
    "done": true
  },
  "minecraft:recipes/decorations/granite_wall_from_granite_stonecutting": {
    "criteria": {
      "has_granite": "2024-11-09 04:25:25 +0000"
    },
    "done": true
  },
  "minecraft:recipes/building_blocks/polished_granite_from_granite_stonecutting": {
    "criteria": {
      "has_granite": "2024-11-09 04:25:25 +0000"
    },
    "done": true
  },
  "minecraft:recipes/building_blocks/granite_slab": {
    "criteria": {
      "has_granite": "2024-11-09 04:25:25 +0000"
    },
    "done": true
  },
  "minecraft:recipes/building_blocks/polished_granite_stairs_from_granite_stonecutting": {
    "criteria": {
      "has_granite": "2024-11-09 04:25:25 +0000"
    },
    "done": true
  },
  "minecraft:recipes/misc/coal_from_blasting_coal_ore": {
    "criteria": {
      "has_coal_ore": "2024-11-09 04:25:29 +0000"
    },
    "done": true
  },
  "minecraft:recipes/misc/coal_from_smelting_coal_ore": {
    "criteria": {
      "has_coal_ore": "2024-11-09 04:25:29 +0000"
    },
    "done": true
  },
  "minecraft:recipes/misc/copper_ingot_from_smelting_copper_ore": {
    "criteria": {
      "has_copper_ore": "2024-11-09 04:25:33 +0000"
    },
    "done": true
  },
  "minecraft:recipes/misc/copper_ingot_from_blasting_copper_ore": {
    "criteria": {
      "has_copper_ore": "2024-11-09 04:25:33 +0000"
    },
    "done": true
  },
  "jjkf:reverse_cursed_technique_lvl_3": {
    "criteria": {
      "reverse_cursed_technique_lvl_3": "2024-11-09 04:30:33 +0000"
    },
    "done": true
  },
  "jujutsucraft:sorcerer_grade_special": {
    "criteria": {
      "sorcerer_grade_special_0": "2024-11-09 04:30:33 +0000"
    },
    "done": true
  },
  "minecraft:recipes/building_blocks/lime_concrete_powder": {
    "criteria": {
      "has_gravel": "2024-11-09 04:33:00 +0000"
    },
    "done": true
  },
  "minecraft:recipes/building_blocks/coarse_dirt": {
    "criteria": {
      "has_gravel": "2024-11-09 04:33:00 +0000"
    },
    "done": true
  },
  "minecraft:recipes/building_blocks/light_gray_concrete_powder": {
    "criteria": {
      "has_gravel": "2024-11-09 04:33:00 +0000"
    },
    "done": true
  },
  "minecraft:recipes/building_blocks/pink_concrete_powder": {
    "criteria": {
      "has_gravel": "2024-11-09 04:33:00 +0000"
    },
    "done": true
  },
  "minecraft:recipes/building_blocks/orange_concrete_powder": {
    "criteria": {
      "has_gravel": "2024-11-09 04:33:00 +0000"
    },
    "done": true
  },
  "minecraft:recipes/building_blocks/red_concrete_powder": {
    "criteria": {
      "has_gravel": "2024-11-09 04:33:00 +0000"
    },
    "done": true
  },
  "minecraft:recipes/building_blocks/magenta_concrete_powder": {
    "criteria": {
      "has_gravel": "2024-11-09 04:33:00 +0000"
    },
    "done": true
  },
  "minecraft:recipes/building_blocks/brown_concrete_powder": {
    "criteria": {
      "has_gravel": "2024-11-09 04:33:00 +0000"
    },
    "done": true
  },
  "minecraft:recipes/building_blocks/light_blue_concrete_powder": {
    "criteria": {
      "has_gravel": "2024-11-09 04:33:00 +0000"
    },
    "done": true
  },
  "minecraft:recipes/building_blocks/green_concrete_powder": {
    "criteria": {
      "has_gravel": "2024-11-09 04:33:00 +0000"
    },
    "done": true
  },
  "minecraft:recipes/building_blocks/blue_concrete_powder": {
    "criteria": {
      "has_gravel": "2024-11-09 04:33:00 +0000"
    },
    "done": true
  },
  "minecraft:recipes/building_blocks/yellow_concrete_powder": {
    "criteria": {
      "has_gravel": "2024-11-09 04:33:00 +0000"
    },
    "done": true
  },
  "minecraft:recipes/building_blocks/white_concrete_powder": {
    "criteria": {
      "has_gravel": "2024-11-09 04:33:00 +0000"
    },
    "done": true
  },
  "minecraft:recipes/building_blocks/gray_concrete_powder": {
    "criteria": {
      "has_gravel": "2024-11-09 04:33:00 +0000"
    },
    "done": true
  },
  "minecraft:recipes/building_blocks/black_concrete_powder": {
    "criteria": {
      "has_gravel": "2024-11-09 04:33:00 +0000"
    },
    "done": true
  },
  "minecraft:recipes/building_blocks/purple_concrete_powder": {
    "criteria": {
      "has_gravel": "2024-11-09 04:33:00 +0000"
    },
    "done": true
  },
  "minecraft:recipes/building_blocks/cyan_concrete_powder": {
    "criteria": {
      "has_gravel": "2024-11-09 04:33:00 +0000"
    },
    "done": true
  },
  "jujutsucraft:battle_eso": {
    "criteria": {
      "battle_eso_0": "2024-11-09 04:33:09 +0000"
    },
    "done": true
  },
  "jujutsucraft:battle_jinichi_zenin": {
    "criteria": {
      "battle_jinichi_zenin_0": "2024-11-09 04:44:46 +0000"
    },
    "done": true
  },
  "jujutsucraft:battle_aoi_todo": {
    "criteria": {
      "battle_aoi_todo_0": "2024-11-09 04:45:42 +0000"
    },
    "done": true
  },
  "jujutsucraft:battle_cursed_spirit_grade_special_9": {
    "criteria": {
      "battle_cursed_spirit_grade_special_9_0": "2024-11-09 04:46:17 +0000"
    },
    "done": true
  },
  "jujutsucraft:battle_cursed_spirit_grade_special_6": {
    "criteria": {
      "battle_cursed_spirit_grade_special_6_0": "2024-11-09 04:46:18 +0000"
    },
    "done": true
  },
  "jujutsucraft:battle_rokujushi_miyo": {
    "criteria": {
      "battle_rokujushi_miyo_0": "2024-11-09 04:46:28 +0000"
    },
    "done": true
  },
  "minecraft:recipes/building_blocks/packed_ice": {
    "criteria": {
      "has_ice": "2024-11-09 04:48:07 +0000"
    },
    "done": true
  },
  "jujutsucraft:skill_copy_cursed_speech": {
    "criteria": {
      "skill_copy_cursed_speech_0": "2024-11-09 04:48:59 +0000"
    },
    "done": true
  },
  "jujutsucraft:battle_yorozu": {
    "criteria": {
      "battle_yorozu_0": "2024-11-09 04:50:46 +0000"
    },
    "done": true
  },
  "jujutsucraft:battle_noritoshi_kamo": {
    "criteria": {
      "battle_noritoshi_kamo_0": "2024-11-09 04:59:23 +0000"
    },
    "done": true
  },
  "jujutsucraft:battle_suguru_geto_2": {
    "criteria": {
      "battle_suguru_geto_2_0": "2024-11-09 04:59:34 +0000"
    },
    "done": true
  },
  "jujutsucraft:battle_cursed_spirit_grade_special_3": {
    "criteria": {
      "battle_cursed_spirit_grade_special_3_0": "2024-11-09 05:02:08 +0000"
    },
    "done": true
  },
  "jujutsucraft:battle_cursed_spirit_grade_special_13": {
    "criteria": {
      "battle_cursed_spirit_grade_special_13_0": "2024-11-09 05:02:26 +0000"
    },
    "done": true
  },
  "minecraft:recipes/food/cooked_chicken_from_campfire_cooking": {
    "criteria": {
      "has_chicken": "2024-11-09 05:04:36 +0000"
    },
    "done": true
  },
  "minecraft:recipes/food/cooked_chicken": {
    "criteria": {
      "has_chicken": "2024-11-09 05:04:36 +0000"
    },
    "done": true
  },
  "minecraft:recipes/food/cooked_chicken_from_smoking": {
    "criteria": {
      "has_chicken": "2024-11-09 05:04:36 +0000"
    },
    "done": true
  },
  "jujutsucraft:battle_choso": {
    "criteria": {
      "battle_choso_0": "2024-11-09 05:06:21 +0000"
    },
    "done": true
  },
  "jujutsucraft:battle_kirara_hoshi": {
    "criteria": {
      "battle_kirara_hoshi_0": "2024-11-09 05:07:13 +0000"
    },
    "done": true
  },
  "jujutsucraft:battle_fumihiko_takaba": {
    "criteria": {
      "battle_fumihiko_takaba_0": "2024-11-09 05:08:21 +0000"
    },
    "done": true
  },
  "jujutsucraft:skill_copy_dhruv_lakdawalla": {
    "criteria": {
      "skill_copy_dhruv_lakdawalla_0": "2024-11-09 05:10:59 +0000"
    },
    "done": true
  },
  "jujutsucraft:battle_kinji_hakari": {
    "criteria": {
      "battle_kinji_hakari_0": "2024-11-09 05:11:20 +0000"
    },
    "done": true
  },
  "jujutsucraft:battle_yuta_okkotsu_2": {
    "criteria": {
      "battle_yuta_okkotsu_2_0": "2024-11-09 05:11:20 +0000"
    },
    "done": true
  },
  "jujutsucraft:battle_hiromi_higuruma": {
    "criteria": {
      "battle_hiromi_higuruma_0": "2024-11-09 05:12:53 +0000"
    },
    "done": true
  },
  "minecraft:recipes/food/cooked_salmon_from_smoking": {
    "criteria": {
      "has_salmon": "2024-11-09 05:15:45 +0000"
    },
    "done": true
  },
  "minecraft:recipes/food/cooked_salmon_from_campfire_cooking": {
    "criteria": {
      "has_salmon": "2024-11-09 05:15:45 +0000"
    },
    "done": true
  },
  "minecraft:recipes/food/cooked_salmon": {
    "criteria": {
      "has_salmon": "2024-11-09 05:15:45 +0000"
    },
    "done": true
  },
  "jujutsucraft:battle_hajime_kashimo": {
    "criteria": {
      "battle_hajime_kashimo_0": "2024-11-09 05:25:13 +0000"
    },
    "done": true
  },
  "jujutsucraft:battle_mahito": {
    "criteria": {
      "battle_mahito_0": "2024-11-09 05:26:26 +0000"
    },
    "done": true
  },
  "jujutsucraft:battle_chojuro_zenin": {
    "criteria": {
      "battle_chojuro_zenin_0": "2024-11-09 05:26:57 +0000"
    },
    "done": true
  },
  "jujutsucraft:battle_toji_fushiguro": {
    "criteria": {
      "battle_toji_fushiguro_0": "2024-11-09 05:27:40 +0000"
    },
    "done": true
  },
  "minecraft:recipes/combat/arrow": {
    "criteria": {
      "has_feather": "2024-11-09 05:28:44 +0000"
    },
    "done": true
  },
  "jujutsucraft:junpei_yoshino": {
    "criteria": {
      "junpei_yoshino_0": "2024-11-09 05:30:19 +0000"
    },
    "done": true
  },
  "jujutsucraft:battle_panda": {
    "criteria": {
      "battle_panda_0": "2024-11-09 05:33:36 +0000"
    },
    "done": true
  },
  "minecraft:husbandry/root": {
    "criteria": {
      "consumed_item": "2024-11-09 05:37:23 +0000"
    },
    "done": true
  },
  "jujutsucraft:battle_takako_uro": {
    "criteria": {
      "battle_takako_uro_0": "2024-11-09 05:39:04 +0000"
    },
    "done": true
  },
  "jujutsucraft:battle_miguel_1": {
    "criteria": {
      "battle_miguel_1_0": "2024-11-09 05:39:10 +0000"
    },
    "done": true
  },
  "jujutsucraft:battle_larue": {
    "criteria": {
      "battle_larue_0": "2024-11-09 05:40:15 +0000"
    },
    "done": true
  },
  "jujutsucraft:skill_curseis_lifted": {
    "criteria": {
      "skill_curseis_lifted_0": "2024-11-09 05:40:51 +0000"
    },
    "done": true
  },
  "jujutsucraft:battle_megumi_fushiguro_shibuya": {
    "criteria": {
      "battle_megumi_fushiguro_shibuya_0": "2024-11-09 05:42:06 +0000"
    },
    "done": true
  },
  "jujutsucraft:battle_yuji_itadori_shinjuku": {
    "criteria": {
      "battle_yuji_itadori_shinjuku_0": "2024-11-09 05:42:24 +0000"
    },
    "done": true
  },
  "jujutsucraft:battle_naoya_zenin_cursed_spirit": {
    "criteria": {
      "battle_naoya_zenin_cursed_spirit_0": "2024-11-09 05:46:52 +0000"
    },
    "done": true
  },
  "jujutsucraft:battle_dagon": {
    "criteria": {
      "battle_dagon_0": "2024-11-09 05:50:23 +0000"
    },
    "done": true
  },
  "jujutsucraft:battle_hana_kurusu": {
    "criteria": {
      "battle_hana_kurusu_0": "2024-11-09 06:11:02 +0000"
    },
    "done": true
  },
  "jujutsucraft:battle_jogo": {
    "criteria": {
      "battle_jogo_0": "2024-11-09 06:21:30 +0000"
    },
    "done": true
  },
  "jujutsucraft:battle_megumi_fushiguro": {
    "criteria": {
      "battle_megumi_fushiguro_0": "2024-11-09 06:22:16 +0000"
    },
    "done": true
  },
  "jujutsucraft:update": {
    "criteria": {
      "update_0": "2024-11-09 17:43:47 +0000"
    },
    "done": true
  },
  "DataVersion": 3465
}