{
  "jujutsucraft:jujutsu_craft_skills": {
    "criteria": {
      "jujutsu_craft_skills_0": "2024-11-08 23:06:52 +0000"
    },
    "done": true
  },
  "jujutsucraft:skill_divine_dog_totality": {
    "criteria": {
      "skill_divine_dog_totality_0": "2024-11-08 23:06:52 +0000"
    },
    "done": true
  },
  "minecraft:recipes/decorations/crafting_table": {
    "criteria": {
      "unlock_right_away": "2024-11-08 23:06:52 +0000"
    },
    "done": true
  },
  "jujutsucraft:skill_merged_beast_agito": {
    "criteria": {
      "skill_merged_beast_agito_0": "2024-11-08 23:06:52 +0000"
    },
    "done": true
  },
  "jujutsucraft:battle_advancements": {
    "criteria": {
      "battle_advancements_0": "2024-11-08 23:06:52 +0000"
    },
    "done": true
  },
  "jjkf:jjkf": {
    "criteria": {
      "jjkf": "2024-11-08 23:06:52 +0000"
    },
    "done": true
  },
  "jujutsucraft:start_jujutsu_craft": {
    "criteria": {
      "start_jujutsu_craft_0": "2024-11-08 23:06:52 +0000"
    },
    "done": true
  },
  "parcool:grant_parcool_guide": {
    "criteria": {
      "tick": "2024-11-08 23:06:52 +0000"
    },
    "done": true
  },
  "minecraft:adventure/adventuring_time": {
    "criteria": {
      "minecraft:snowy_slopes": "2024-11-09 01:43:14 +0000",
      "minecraft:sunflower_plains": "2024-11-09 01:38:02 +0000",
      "minecraft:river": "2024-11-09 01:47:04 +0000",
      "minecraft:stony_shore": "2024-11-09 01:39:44 +0000",
      "minecraft:forest": "2024-11-08 23:06:53 +0000",
      "minecraft:old_growth_birch_forest": "2024-11-09 01:39:20 +0000",
      "minecraft:plains": "2024-11-09 01:37:03 +0000"
    },
    "done": false
  },
  "jujutsucraft:skill_copy": {
    "criteria": {
      "skill_copy_0": "2024-11-08 23:07:03 +0000"
    },
    "done": true
  },
  "jujutsucraft:advancement_insect": {
    "criteria": {
      "advancement_insect_0": "2024-11-08 23:07:04 +0000"
    },
    "done": true
  },
  "minecraft:adventure/root": {
    "criteria": {
      "killed_something": "2024-11-09 01:36:59 +0000"
    },
    "done": true
  },
  "jujutsucraft:fame_3": {
    "criteria": {
      "fame_3_0": "2024-11-09 01:36:59 +0000"
    },
    "done": true
  },
  "jujutsucraft:fame_4": {
    "criteria": {
      "fame_4_0": "2024-11-09 01:36:59 +0000"
    },
    "done": true
  },
  "jujutsucraft:battle_ogami": {
    "criteria": {
      "battle_ogami_0": "2024-11-09 01:40:30 +0000"
    },
    "done": true
  },
  "minecraft:recipes/transportation/mangrove_boat": {
    "criteria": {
      "in_water": "2024-11-09 01:47:04 +0000"
    },
    "done": true
  },
  "minecraft:recipes/transportation/acacia_boat": {
    "criteria": {
      "in_water": "2024-11-09 01:47:04 +0000"
    },
    "done": true
  },
  "minecraft:recipes/transportation/cherry_boat": {
    "criteria": {
      "in_water": "2024-11-09 01:47:04 +0000"
    },
    "done": true
  },
  "minecraft:recipes/transportation/bamboo_raft": {
    "criteria": {
      "in_water": "2024-11-09 01:47:04 +0000"
    },
    "done": true
  },
  "minecraft:recipes/transportation/spruce_boat": {
    "criteria": {
      "in_water": "2024-11-09 01:47:04 +0000"
    },
    "done": true
  },
  "minecraft:recipes/transportation/birch_boat": {
    "criteria": {
      "in_water": "2024-11-09 01:47:04 +0000"
    },
    "done": true
  },
  "minecraft:recipes/transportation/oak_boat": {
    "criteria": {
      "in_water": "2024-11-09 01:47:04 +0000"
    },
    "done": true
  },
  "minecraft:recipes/transportation/jungle_boat": {
    "criteria": {
      "in_water": "2024-11-09 01:47:04 +0000"
    },
    "done": true
  },
  "minecraft:recipes/transportation/dark_oak_boat": {
    "criteria": {
      "in_water": "2024-11-09 01:47:04 +0000"
    },
    "done": true
  },
  "minecraft:adventure/sleep_in_bed": {
    "criteria": {
      "slept_in_bed": "2024-11-09 01:47:18 +0000"
    },
    "done": true
  },
  "jujutsucraft:sorcerer_grade_4": {
    "criteria": {
      "sorcerer_grade_4_0": "2024-11-09 01:51:53 +0000"
    },
    "done": true
  },
  "jujutsucraft:update": {
    "criteria": {
      "update_0": "2024-11-09 02:12:38 +0000"
    },
    "done": true
  },
  "jujutsucraft:battle_jiro_awasaka": {
    "criteria": {
      "battle_jiro_awasaka_0": "2024-11-09 02:06:55 +0000"
    },
    "done": true
  },
  "jujutsucraft:sorcerer_grade_3": {
    "criteria": {
      "sorcerer_grade_3_0": "2024-11-09 02:08:06 +0000"
    },
    "done": true
  },
  "jujutsucraft:battle_toshihisa_negi": {
    "criteria": {
      "battle_toshihisa_negi_0": "2024-11-09 02:09:04 +0000"
    },
    "done": true
  },
  "jujutsucraft:battle_mimiko_nanako": {
    "criteria": {
      "battle_mimiko_nanako_0": "2024-11-09 02:06:08 +0000"
    },
    "done": true
  },
  "jujutsucraft:reverse_cursed_technique_1": {
    "criteria": {
      "reverse_cursed_technique_1_0": "2024-11-09 02:08:45 +0000"
    },
    "done": true
  },
  "jujutsucraft:fame_2": {
    "criteria": {
      "fame_2_0": "2024-11-09 02:05:49 +0000"
    },
    "done": true
  },
  "DataVersion": 3465
}